id,name,desc,type,url
1313,Abdihakin Ali,AIK soccer player,Q5,https://www.aikstats.se/player.php?id=1313
1462,Abdussalam Magashy,AIK soccer player,Q5,https://www.aikstats.se/player.php?id=1462
1220,Adam Ben Lamin,AIK soccer player,Q5,https://www.aikstats.se/player.php?id=1220
13,Admir Ćatović,AIK soccer player,Q5,https://www.aikstats.se/player.php?id=13
1243,Agustin Gomez,AIK soccer player,Q5,https://www.aikstats.se/player.php?id=1243
1426,Ahmad Faqa,AIK soccer player,Q5,https://www.aikstats.se/player.php?id=1426
1200,Ahmed Yasin,AIK soccer player,Q5,https://www.aikstats.se/player.php?id=1200
302,Åke "Carnera" Andersson,AIK soccer player,Q5,https://www.aikstats.se/player.php?id=302
303,Åke "Gentile" Andersson,AIK soccer player,Q5,https://www.aikstats.se/player.php?id=303
530,Åke "Bulten" Andersson,AIK soccer player,Q5,https://www.aikstats.se/player.php?id=530
348,Åke "Åke Andersson II" Andersson,AIK soccer player,Q5,https://www.aikstats.se/player.php?id=348
296,Åke "Sparven" Ericson,AIK soccer player,Q5,https://www.aikstats.se/player.php?id=296
377,Åke "Frasse" Fransson,AIK soccer player,Q5,https://www.aikstats.se/player.php?id=377
376,Åke "Sampis" Sandberg,AIK soccer player,Q5,https://www.aikstats.se/player.php?id=376
264,Åke "Plockis" Sigrell,AIK soccer player,Q5,https://www.aikstats.se/player.php?id=264
1222,Albin Linnér,AIK soccer player,Q5,https://www.aikstats.se/player.php?id=1222
1433,Alexander Fesshaie,AIK soccer player,Q5,https://www.aikstats.se/player.php?id=1433
67,Alexander Gerndt,AIK soccer player,Q5,https://www.aikstats.se/player.php?id=67
1202,Alexander Isak,AIK soccer player,Q5,https://www.aikstats.se/player.php?id=1202
987,Alexander Milošević,AIK soccer player,Q5,https://www.aikstats.se/player.php?id=987
632,Alexander "Salle" Östlund,AIK soccer player,Q5,https://www.aikstats.se/player.php?id=632
263,Algot "Agge" Haglund,AIK soccer player,Q5,https://www.aikstats.se/player.php?id=263
1073,Alhassan "Crespo" Kamara,AIK soccer player,Q5,https://www.aikstats.se/player.php?id=1073
1205,Amin Affane,AIK soccer player,Q5,https://www.aikstats.se/player.php?id=1205
785,Ammar Ahmed,AIK soccer player,Q5,https://www.aikstats.se/player.php?id=785
66,Anders Almgren,AIK soccer player,Q5,https://www.aikstats.se/player.php?id=66
551,Anders Åslund,AIK soccer player,Q5,https://www.aikstats.se/player.php?id=551
601,Anders Forsberg,AIK soccer player,Q5,https://www.aikstats.se/player.php?id=601
190,Anders "Hjelle" Hjelm,AIK soccer player,Q5,https://www.aikstats.se/player.php?id=190
641,Anders Limpar,AIK soccer player,Q5,https://www.aikstats.se/player.php?id=641
80,Andreas Alm,AIK soccer player,Q5,https://www.aikstats.se/player.php?id=80
28,Andreas "Adde" Andersson,AIK soccer player,Q5,https://www.aikstats.se/player.php?id=28
31,Andreas "Ante" Eriksson,AIK soccer player,Q5,https://www.aikstats.se/player.php?id=31
663,Andreas Ingel,AIK soccer player,Q5,https://www.aikstats.se/player.php?id=663
651,Andreas "Adde" Johansson,AIK soccer player,Q5,https://www.aikstats.se/player.php?id=651
639,Andreas "Ante" Yngvesson,AIK soccer player,Q5,https://www.aikstats.se/player.php?id=639
1077,Anton Salétros,AIK soccer player,Q5,https://www.aikstats.se/player.php?id=1077
891,Antônio Flávio,AIK soccer player,Q5,https://www.aikstats.se/player.php?id=891
34,Arash Talebinejad,AIK soccer player,Q5,https://www.aikstats.se/player.php?id=34
343,Arne Andersson,AIK soccer player,Q5,https://www.aikstats.se/player.php?id=343
294,Arthur Svensson,AIK soccer player,Q5,https://www.aikstats.se/player.php?id=294
672,Atik Ismail,AIK soccer player,Q5,https://www.aikstats.se/player.php?id=672
258,Axel "Massa" Alfredsson,AIK soccer player,Q5,https://www.aikstats.se/player.php?id=258
1421,Axel "Acke" Björnström,AIK soccer player,Q5,https://www.aikstats.se/player.php?id=1421
269,Axel "Acke, Lill-Acke" Nilsson,AIK soccer player,Q5,https://www.aikstats.se/player.php?id=269
405,Bengt Anlert,AIK soccer player,Q5,https://www.aikstats.se/player.php?id=405
379,Bengt "Spjället" Kjell,AIK soccer player,Q5,https://www.aikstats.se/player.php?id=379
429,Bengt "Snövit" Pettersson,AIK soccer player,Q5,https://www.aikstats.se/player.php?id=429
347,Bengt Rosenqvist,AIK soccer player,Q5,https://www.aikstats.se/player.php?id=347
60,Benjamin "Kibbe" Kibebe,AIK soccer player,Q5,https://www.aikstats.se/player.php?id=60
1454,Benjamin Mbunga Kimpioka,AIK soccer player,Q5,https://www.aikstats.se/player.php?id=1454
10,Bernt Hulsker,AIK soccer player,Q5,https://www.aikstats.se/player.php?id=10
571,Bernt Ljung,AIK soccer player,Q5,https://www.aikstats.se/player.php?id=571
252,Bertil "Jeppe" Andersson,AIK soccer player,Q5,https://www.aikstats.se/player.php?id=252
362,Bertil Bäckvall,AIK soccer player,Q5,https://www.aikstats.se/player.php?id=362
273,Bertil "Danskdödaren" Ericsson,AIK soccer player,Q5,https://www.aikstats.se/player.php?id=273
397,Bertil "Berra" Johansson,AIK soccer player,Q5,https://www.aikstats.se/player.php?id=397
266,Bertil Linde,AIK soccer player,Q5,https://www.aikstats.se/player.php?id=266
1218,Bilal Hussein,AIK soccer player,Q5,https://www.aikstats.se/player.php?id=1218
406,Björn Anlert,AIK soccer player,Q5,https://www.aikstats.se/player.php?id=406
198,Björn "Björne" Kindlund,AIK soccer player,Q5,https://www.aikstats.se/player.php?id=198
195,Bo "Super-Bo, Lanthandlarn" Andersson,AIK soccer player,Q5,https://www.aikstats.se/player.php?id=195
192,Bo "Bosse" Petersson,AIK soccer player,Q5,https://www.aikstats.se/player.php?id=192
769,Bojan Djordjic,AIK soccer player,Q5,https://www.aikstats.se/player.php?id=769
1380,Bojan Radulović,AIK soccer player,Q5,https://www.aikstats.se/player.php?id=1380
299,Börje Leander,AIK soccer player,Q5,https://www.aikstats.se/player.php?id=299
179,Börje Leback,AIK soccer player,Q5,https://www.aikstats.se/player.php?id=179
373,Bror "Vilde Jägaren" Mellberg,AIK soccer player,Q5,https://www.aikstats.se/player.php?id=373
404,Bruno "Älgen" Nyberg,AIK soccer player,Q5,https://www.aikstats.se/player.php?id=404
24,Brwa Nouri,AIK soccer player,Q5,https://www.aikstats.se/player.php?id=24
1217,Budimir Janošević,AIK soccer player,Q5,https://www.aikstats.se/player.php?id=1217
253,Carl-Filip "Fille" Borgh,AIK soccer player,Q5,https://www.aikstats.se/player.php?id=253
1230,Carlos Strandberg,AIK soccer player,Q5,https://www.aikstats.se/player.php?id=1230
1075,Celso Borges,AIK soccer player,Q5,https://www.aikstats.se/player.php?id=1075
634,Cesar Pachà,AIK soccer player,Q5,https://www.aikstats.se/player.php?id=634
1242,Chinedu "Edu" Obasi,AIK soccer player,Q5,https://www.aikstats.se/player.php?id=1242
652,Christer "Kitten, Mattigol" Mattiasson,AIK soccer player,Q5,https://www.aikstats.se/player.php?id=652
1162,Christian Frealdsson,AIK soccer player,Q5,https://www.aikstats.se/player.php?id=1162
997,Christian "Chrille" Kouakou,AIK soccer player,Q5,https://www.aikstats.se/player.php?id=997
780,Christoffer Eriksson,AIK soccer player,Q5,https://www.aikstats.se/player.php?id=780
1181,Christos Gravius,AIK soccer player,Q5,https://www.aikstats.se/player.php?id=1181
642,Claes "Labbe" Green,AIK soccer player,Q5,https://www.aikstats.se/player.php?id=642
538,Claes Marklund,AIK soccer player,Q5,https://www.aikstats.se/player.php?id=538
923,Clecio Nascimento Santos,AIK soccer player,Q5,https://www.aikstats.se/player.php?id=923
1455,Collins Sichenje,AIK soccer player,Q5,https://www.aikstats.se/player.php?id=1455
536,Crister Andersson,AIK soccer player,Q5,https://www.aikstats.se/player.php?id=536
181,Dag Szepanski,AIK soccer player,Q5,https://www.aikstats.se/player.php?id=181
657,Daniel Andersson,AIK soccer player,Q5,https://www.aikstats.se/player.php?id=657
11,Daniel Arnefjord,AIK soccer player,Q5,https://www.aikstats.se/player.php?id=11
1247,Daniel Granli,AIK soccer player,Q5,https://www.aikstats.se/player.php?id=1247
807,Daniel Gustavsson,AIK soccer player,Q5,https://www.aikstats.se/player.php?id=807
27,Daniel "Hochen" Hoch,AIK soccer player,Q5,https://www.aikstats.se/player.php?id=27
841,Daniel Majstorović,AIK soccer player,Q5,https://www.aikstats.se/player.php?id=841
57,Daniel Mendes,AIK soccer player,Q5,https://www.aikstats.se/player.php?id=57
1236,Daniel Mushitu,AIK soccer player,Q5,https://www.aikstats.se/player.php?id=1236
1,Daniel Örlund,AIK soccer player,Q5,https://www.aikstats.se/player.php?id=1
853,Daniel Sundgren,AIK soccer player,Q5,https://www.aikstats.se/player.php?id=853
8,Daniel "Tjerna" Tjernström,AIK soccer player,Q5,https://www.aikstats.se/player.php?id=8
819,David Fällman,AIK soccer player,Q5,https://www.aikstats.se/player.php?id=819
650,David Ljung,AIK soccer player,Q5,https://www.aikstats.se/player.php?id=650
619,David Nildén,AIK soccer player,Q5,https://www.aikstats.se/player.php?id=619
1214,Denni Avdić,AIK soccer player,Q5,https://www.aikstats.se/player.php?id=1214
6,Dennis "Dempa" Östlundh,AIK soccer player,Q5,https://www.aikstats.se/player.php?id=6
19,Derek Boateng,AIK soccer player,Q5,https://www.aikstats.se/player.php?id=19
189,Dick Lidman,AIK soccer player,Q5,https://www.aikstats.se/player.php?id=189
1177,Dickson Etuhu,AIK soccer player,Q5,https://www.aikstats.se/player.php?id=1177
86,Dieter "Budde" Burdenski,AIK soccer player,Q5,https://www.aikstats.se/player.php?id=86
662,Dime Jankulovski,AIK soccer player,Q5,https://www.aikstats.se/player.php?id=662
30,Dulee Johnson,AIK soccer player,Q5,https://www.aikstats.se/player.php?id=30
1168,Ebenezer Ofori,AIK soccer player,Q5,https://www.aikstats.se/player.php?id=1168
690,Edvin Sandborg,AIK soccer player,Q5,https://www.aikstats.se/player.php?id=690
1079,Edward Owusu,AIK soccer player,Q5,https://www.aikstats.se/player.php?id=1079
1172,Eero Markkanen,AIK soccer player,Q5,https://www.aikstats.se/player.php?id=1172
283,Einar "Eje, Bolas" Bohlin,AIK soccer player,Q5,https://www.aikstats.se/player.php?id=283
1470,Elias Durmaz,AIK soccer player,Q5,https://www.aikstats.se/player.php?id=1470
212,Elis Ekholm,AIK soccer player,Q5,https://www.aikstats.se/player.php?id=212
784,Emil Berger,AIK soccer player,Q5,https://www.aikstats.se/player.php?id=784
1083,Emil Skogh,AIK soccer player,Q5,https://www.aikstats.se/player.php?id=1083
1209,Enoch Kofi Adu,AIK soccer player,Q5,https://www.aikstats.se/player.php?id=1209
383,Eric Grübb,AIK soccer player,Q5,https://www.aikstats.se/player.php?id=383
1289,Eric Kahl,AIK soccer player,Q5,https://www.aikstats.se/player.php?id=1289
1303,Erick Otieno,AIK soccer player,Q5,https://www.aikstats.se/player.php?id=1303
284,Erik "Jerker" Almgren,AIK soccer player,Q5,https://www.aikstats.se/player.php?id=284
980,Erik "Berka" Bergqvist,AIK soccer player,Q5,https://www.aikstats.se/player.php?id=980
1533,Erik "Berka" Bergqvist,AIK soccer player,Q5,https://www.aikstats.se/player.php?id=1533
658,Erik Edman,AIK soccer player,Q5,https://www.aikstats.se/player.php?id=658
1258,Erik Ring,AIK soccer player,Q5,https://www.aikstats.se/player.php?id=1258
346,Erik Svensson,AIK soccer player,Q5,https://www.aikstats.se/player.php?id=346
221,Ernst "Sudden, Ärtan" Wahlberg,AIK soccer player,Q5,https://www.aikstats.se/player.php?id=221
594,Esa Pekonen,AIK soccer player,Q5,https://www.aikstats.se/player.php?id=594
241,Evald Allard,AIK soccer player,Q5,https://www.aikstats.se/player.php?id=241
421,Evert "Bäckis" Jansson,AIK soccer player,Q5,https://www.aikstats.se/player.php?id=421
1279,Felix Michel,AIK soccer player,Q5,https://www.aikstats.se/player.php?id=1279
1381,Filip Rogić,AIK soccer player,Q5,https://www.aikstats.se/player.php?id=1381
946,Frank Pettersson,AIK soccer player,Q5,https://www.aikstats.se/player.php?id=946
76,Fredrik Björck,AIK soccer player,Q5,https://www.aikstats.se/player.php?id=76
1179,Fredrik Brustad,AIK soccer player,Q5,https://www.aikstats.se/player.php?id=1179
625,Fredrik "Freppa" Espmark,AIK soccer player,Q5,https://www.aikstats.se/player.php?id=625
613,Fredrik "Gisan" Giesecke,AIK soccer player,Q5,https://www.aikstats.se/player.php?id=613
1183,Gabriel Ferreyra,AIK soccer player,Q5,https://www.aikstats.se/player.php?id=1183
56,Gabriel "Gabbe" Özkan,AIK soccer player,Q5,https://www.aikstats.se/player.php?id=56
35,Gabriel "Gabbe" Petrović,AIK soccer player,Q5,https://www.aikstats.se/player.php?id=35
568,Glenn Rönnberg,AIK soccer player,Q5,https://www.aikstats.se/player.php?id=568
468,Göran Åberg,AIK soccer player,Q5,https://www.aikstats.se/player.php?id=468
413,Göran Åslin,AIK soccer player,Q5,https://www.aikstats.se/player.php?id=413
535,Göran "GG" Göransson,AIK soccer player,Q5,https://www.aikstats.se/player.php?id=535
580,Göran Hagberg,AIK soccer player,Q5,https://www.aikstats.se/player.php?id=580
940,Goran Ljubojević,AIK soccer player,Q5,https://www.aikstats.se/player.php?id=940
33,Göran Marklund,AIK soccer player,Q5,https://www.aikstats.se/player.php?id=33
358,Gösta "Pröjsarn" Nilsson,AIK soccer player,Q5,https://www.aikstats.se/player.php?id=358
250,Gunnar "Keruben" Galin,AIK soccer player,Q5,https://www.aikstats.se/player.php?id=250
382,Gunnar Öqvist,AIK soccer player,Q5,https://www.aikstats.se/player.php?id=382
324,Gunnar "Hoppjerkan" Södergren,AIK soccer player,Q5,https://www.aikstats.se/player.php?id=324
280,Gustaf Josefsson,AIK soccer player,Q5,https://www.aikstats.se/player.php?id=280
1231,Gustaf Lagerbielke,AIK soccer player,Q5,https://www.aikstats.se/player.php?id=1231
1223,Gustav Berggren,AIK soccer player,Q5,https://www.aikstats.se/player.php?id=1223
270,Gustav "Gurra" Sjöberg,AIK soccer player,Q5,https://www.aikstats.se/player.php?id=270
29,Håkan Svensson,AIK soccer player,Q5,https://www.aikstats.se/player.php?id=29
901,Hans "Hasse" Backe,AIK soccer player,Q5,https://www.aikstats.se/player.php?id=901
615,Hans Eskilsson,AIK soccer player,Q5,https://www.aikstats.se/player.php?id=615
371,Hans "Hasse" Möller,AIK soccer player,Q5,https://www.aikstats.se/player.php?id=371
1158,Hans "Hasse, Trisse" Nilsson,AIK soccer player,Q5,https://www.aikstats.se/player.php?id=1158
336,Hans Nilsson,AIK soccer player,Q5,https://www.aikstats.se/player.php?id=336
330,Harry "Hajjak" Johansson,AIK soccer player,Q5,https://www.aikstats.se/player.php?id=330
326,Harry Nilsson,AIK soccer player,Q5,https://www.aikstats.se/player.php?id=326
1176,Haukur Hauksson,AIK soccer player,Q5,https://www.aikstats.se/player.php?id=1176
752,Helge "Ekis" Ekroth,AIK soccer player,Q5,https://www.aikstats.se/player.php?id=752
942,Helgi Daníelsson,AIK soccer player,Q5,https://www.aikstats.se/player.php?id=942
1078,Henok Goitom,AIK soccer player,Q5,https://www.aikstats.se/player.php?id=1078
304,Henry "Garvis" Carlsson,AIK soccer player,Q5,https://www.aikstats.se/player.php?id=304
1210,Heradi Rashidi,AIK soccer player,Q5,https://www.aikstats.se/player.php?id=1210
222,Herbert "Banken" Ohlsson,AIK soccer player,Q5,https://www.aikstats.se/player.php?id=222
234,Herman Carlson,AIK soccer player,Q5,https://www.aikstats.se/player.php?id=234
622,Hernando "Labbe" L'Abbé,AIK soccer player,Q5,https://www.aikstats.se/player.php?id=622
333,Herold "Wolfen" Wolfbrandt,AIK soccer player,Q5,https://www.aikstats.se/player.php?id=333
288,Holger "Hogge, Bellan" Belin,AIK soccer player,Q5,https://www.aikstats.se/player.php?id=288
1474,Hugo Aviander,AIK soccer player,Q5,https://www.aikstats.se/player.php?id=1474
236,Hugo Sjögren,AIK soccer player,Q5,https://www.aikstats.se/player.php?id=236
249,Hugo "Sitting" Söderström,AIK soccer player,Q5,https://www.aikstats.se/player.php?id=249
1104,Ibrahim Moro,AIK soccer player,Q5,https://www.aikstats.se/player.php?id=1104
426,Inge Bengtsson,AIK soccer player,Q5,https://www.aikstats.se/player.php?id=426
420,Ingemar Ingevik,AIK soccer player,Q5,https://www.aikstats.se/player.php?id=420
393,Ingvar "Tjotta" Olsson,AIK soccer player,Q5,https://www.aikstats.se/player.php?id=393
290,Isidor "Isse" Eriksson,AIK soccer player,Q5,https://www.aikstats.se/player.php?id=290
368,Ivan "Bodde" Bodin,AIK soccer player,Q5,https://www.aikstats.se/player.php?id=368
668,Iván Obolo,AIK soccer player,Q5,https://www.aikstats.se/player.php?id=668
935,Ivan Turina,AIK soccer player,Q5,https://www.aikstats.se/player.php?id=935
979,Ivar "Iffa-Sven" Svensson,AIK soccer player,Q5,https://www.aikstats.se/player.php?id=979
1266,Jack Lahne,AIK soccer player,Q5,https://www.aikstats.se/player.php?id=1266
904,Jacob Ericsson,AIK soccer player,Q5,https://www.aikstats.se/player.php?id=904
1305,Jakob Haugaard,AIK soccer player,Q5,https://www.aikstats.se/player.php?id=1305
493,Jan Adolfsson,AIK soccer player,Q5,https://www.aikstats.se/player.php?id=493
513,Jan "Blomman, Janne" Åkerblom,AIK soccer player,Q5,https://www.aikstats.se/player.php?id=513
618,Jan Andersson,AIK soccer player,Q5,https://www.aikstats.se/player.php?id=618
573,Jan "Janne" Eriksson,AIK soccer player,Q5,https://www.aikstats.se/player.php?id=573
759,Jan "Janne" Eriksson,AIK soccer player,Q5,https://www.aikstats.se/player.php?id=759
534,Jan-Olof Wallgren,AIK soccer player,Q5,https://www.aikstats.se/player.php?id=534
628,Jarmo Saastamoinen,AIK soccer player,Q5,https://www.aikstats.se/player.php?id=628
1304,Jasir Asani,AIK soccer player,Q5,https://www.aikstats.se/player.php?id=1304
384,Jerker Hannerz,AIK soccer player,Q5,https://www.aikstats.se/player.php?id=384
1450,Jesper Ceesay,AIK soccer player,Q5,https://www.aikstats.se/player.php?id=1450
623,Jesper "Jeppe" Jansson,AIK soccer player,Q5,https://www.aikstats.se/player.php?id=623
1239,Jesper Merbom Adolfsson,AIK soccer player,Q5,https://www.aikstats.se/player.php?id=1239
1225,Jesper Nyholm,AIK soccer player,Q5,https://www.aikstats.se/player.php?id=1225
1422,Jetmir Haliti,AIK soccer player,Q5,https://www.aikstats.se/player.php?id=1422
441,Jim "Jimpa" Nildén,AIK soccer player,Q5,https://www.aikstats.se/player.php?id=441
1471,Jimmy Durmaz,AIK soccer player,Q5,https://www.aikstats.se/player.php?id=1471
15,Jimmy Tamandi,AIK soccer player,Q5,https://www.aikstats.se/player.php?id=15
603,Joacim Sjöström,AIK soccer player,Q5,https://www.aikstats.se/player.php?id=603
666,Joakim Hagernäs,AIK soccer player,Q5,https://www.aikstats.se/player.php?id=666
1227,Joel Ekstrand,AIK soccer player,Q5,https://www.aikstats.se/player.php?id=1227
1178,Johan Blomberg,AIK soccer player,Q5,https://www.aikstats.se/player.php?id=1178
591,Johan Johansson,AIK soccer player,Q5,https://www.aikstats.se/player.php?id=591
5,Johan "Kungen" Mjällby,AIK soccer player,Q5,https://www.aikstats.se/player.php?id=5
320,John Anderberg,AIK soccer player,Q5,https://www.aikstats.se/player.php?id=320
1406,John Chibuike,AIK soccer player,Q5,https://www.aikstats.se/player.php?id=1406
842,John Guidetti,AIK soccer player,Q5,https://www.aikstats.se/player.php?id=842
242,John "Jompa" Nilsson,AIK soccer player,Q5,https://www.aikstats.se/player.php?id=242
242,John "Jompa" Nilsson,AIK soccer player,Q5,https://www.aikstats.se/player.php?id=242
285,John "Long-John" Nilsson,AIK soccer player,Q5,https://www.aikstats.se/player.php?id=285
285,John "Long-John" Nilsson,AIK soccer player,Q5,https://www.aikstats.se/player.php?id=285
210,John "Broarn" Persson,AIK soccer player,Q5,https://www.aikstats.se/player.php?id=210
1522,Jonah Kusi-Asare,AIK soccer player,Q5,https://www.aikstats.se/player.php?id=1522
612,Jonas "Jonte" Henriksson,AIK soccer player,Q5,https://www.aikstats.se/player.php?id=612
1152,Jonas Olsson,AIK soccer player,Q5,https://www.aikstats.se/player.php?id=1152
1456,Jordan Larsson,AIK soccer player,Q5,https://www.aikstats.se/player.php?id=1456
768,Jorge Anchén,AIK soccer player,Q5,https://www.aikstats.se/player.php?id=768
790,Jorge Ortíz,AIK soccer player,Q5,https://www.aikstats.se/player.php?id=790
178,Jörgen Bengtsson,AIK soccer player,Q5,https://www.aikstats.se/player.php?id=178
416,Jörgen Ekengren,AIK soccer player,Q5,https://www.aikstats.se/player.php?id=416
824,Jos Hooiveld,AIK soccer player,Q5,https://www.aikstats.se/player.php?id=824
1312,Josafat "Joe" Mendes,AIK soccer player,Q5,https://www.aikstats.se/player.php?id=1312
207,Josef "Jocke" Ekholm,AIK soccer player,Q5,https://www.aikstats.se/player.php?id=207
211,Justus Gustafsson,AIK soccer player,Q5,https://www.aikstats.se/player.php?id=211
565,Jyrki Nieminen,AIK soccer player,Q5,https://www.aikstats.se/player.php?id=565
972,Karl "Kalle" Ansén,AIK soccer player,Q5,https://www.aikstats.se/player.php?id=972
82,Karl "Kalle Kula" Corneliusson,AIK soccer player,Q5,https://www.aikstats.se/player.php?id=82
678,Karl "Timpa" Simonsson,AIK soccer player,Q5,https://www.aikstats.se/player.php?id=678
620,Karl "Kalle" Ståhl,AIK soccer player,Q5,https://www.aikstats.se/player.php?id=620
1257,Karol Mets,AIK soccer player,Q5,https://www.aikstats.se/player.php?id=1257
828,Kennedy Igboananike,AIK soccer player,Q5,https://www.aikstats.se/player.php?id=828
12,Kenny Pavey,AIK soccer player,Q5,https://www.aikstats.se/player.php?id=12
758,Kevin Walker,AIK soccer player,Q5,https://www.aikstats.se/player.php?id=758
71,Khari Stephenson,AIK soccer player,Q5,https://www.aikstats.se/player.php?id=71
592,Kim Bergstrand,AIK soccer player,Q5,https://www.aikstats.se/player.php?id=592
585,Kjell Jonevret,AIK soccer player,Q5,https://www.aikstats.se/player.php?id=585
1109,Knut "Knutte" Nilsson,AIK soccer player,Q5,https://www.aikstats.se/player.php?id=1109
1265,Kolbeinn Sigþórsson,AIK soccer player,Q5,https://www.aikstats.se/player.php?id=1265
59,Krister "Krille" Nordin,AIK soccer player,Q5,https://www.aikstats.se/player.php?id=59
7,Kristian Haynes,AIK soccer player,Q5,https://www.aikstats.se/player.php?id=7
36,Kristoffer Arvhage,AIK soccer player,Q5,https://www.aikstats.se/player.php?id=36
1042,Kristoffer Nordfeldt,AIK soccer player,Q5,https://www.aikstats.se/player.php?id=1042
1208,Kristoffer "Koffe" Olsson,AIK soccer player,Q5,https://www.aikstats.se/player.php?id=1208
422,Kurt "Kurre" Andersson,AIK soccer player,Q5,https://www.aikstats.se/player.php?id=422
401,Kurt "Kurre" Hamrin,AIK soccer player,Q5,https://www.aikstats.se/player.php?id=401
390,Kurt "Kurre" Liander,AIK soccer player,Q5,https://www.aikstats.se/player.php?id=390
77,Kwame "Caniggia" Quansah,AIK soccer player,Q5,https://www.aikstats.se/player.php?id=77
75,Kweku "Stone" Turkson,AIK soccer player,Q5,https://www.aikstats.se/player.php?id=75
1065,Lalawelé "Lala" Atakora,AIK soccer player,Q5,https://www.aikstats.se/player.php?id=1065
1464,Lamine Dabo,AIK soccer player,Q5,https://www.aikstats.se/player.php?id=1464
395,Lars "Råttan" Boman,AIK soccer player,Q5,https://www.aikstats.se/player.php?id=395
417,Lars Hedén,AIK soccer player,Q5,https://www.aikstats.se/player.php?id=417
389,Lars Larsson,AIK soccer player,Q5,https://www.aikstats.se/player.php?id=389
452,Lars Sjöström,AIK soccer player,Q5,https://www.aikstats.se/player.php?id=452
581,Lars "Larsa, Z" Zetterlund,AIK soccer player,Q5,https://www.aikstats.se/player.php?id=581
644,Lee Baxter,AIK soccer player,Q5,https://www.aikstats.se/player.php?id=644
470,Leif Hult,AIK soccer player,Q5,https://www.aikstats.se/player.php?id=470
447,Leif Iwarsson,AIK soccer player,Q5,https://www.aikstats.se/player.php?id=447
561,Leif "Lidde" Lindén,AIK soccer player,Q5,https://www.aikstats.se/player.php?id=561
609,Leif Olsson,AIK soccer player,Q5,https://www.aikstats.se/player.php?id=609
411,Leif "Leffe" Skiöld,AIK soccer player,Q5,https://www.aikstats.se/player.php?id=411
363,Lennart "Pluntan" Askinger,AIK soccer player,Q5,https://www.aikstats.se/player.php?id=363
427,Lennart Backman,AIK soccer player,Q5,https://www.aikstats.se/player.php?id=427
332,Lennart Carlsson,AIK soccer player,Q5,https://www.aikstats.se/player.php?id=332
331,Lennart Carlsson-Askerlund,AIK soccer player,Q5,https://www.aikstats.se/player.php?id=331
440,Lennart Hemming,AIK soccer player,Q5,https://www.aikstats.se/player.php?id=440
357,Lennart "Derby" Pettersson,AIK soccer player,Q5,https://www.aikstats.se/player.php?id=357
431,Lennart "Liston" Söderberg,AIK soccer player,Q5,https://www.aikstats.se/player.php?id=431
1423,Lucas Forsberg,AIK soccer player,Q5,https://www.aikstats.se/player.php?id=1423
669,Lucas Valdemarín,AIK soccer player,Q5,https://www.aikstats.se/player.php?id=669
87,Luke "Shaggy" Casserly,AIK soccer player,Q5,https://www.aikstats.se/player.php?id=87
1249,Magnar Ødegaard,AIK soccer player,Q5,https://www.aikstats.se/player.php?id=1249
37,Magnus Eriksson,AIK soccer player,Q5,https://www.aikstats.se/player.php?id=37
611,Magnus Hedman,AIK soccer player,Q5,https://www.aikstats.se/player.php?id=611
78,Mani Tourang,AIK soccer player,Q5,https://www.aikstats.se/player.php?id=78
604,Marco Ciardi,AIK soccer player,Q5,https://www.aikstats.se/player.php?id=604
647,Marino "Marre" Rahmberg,AIK soccer player,Q5,https://www.aikstats.se/player.php?id=647
1180,Marko Nikolić,AIK soccer player,Q5,https://www.aikstats.se/player.php?id=1180
17,Markus "Mr 100%" Jonsson,AIK soccer player,Q5,https://www.aikstats.se/player.php?id=17
2,Markus "Mackan" Karlsson,AIK soccer player,Q5,https://www.aikstats.se/player.php?id=2
64,Martin Åslund,AIK soccer player,Q5,https://www.aikstats.se/player.php?id=64
636,Martin Hyský,AIK soccer player,Q5,https://www.aikstats.se/player.php?id=636
840,Martin Lorentzson,AIK soccer player,Q5,https://www.aikstats.se/player.php?id=840
587,Mats Olausson,AIK soccer player,Q5,https://www.aikstats.se/player.php?id=587
199,Mats Rohdin,AIK soccer player,Q5,https://www.aikstats.se/player.php?id=199
22,Mats Rubarth,AIK soccer player,Q5,https://www.aikstats.se/player.php?id=22
648,Mattias Asper,AIK soccer player,Q5,https://www.aikstats.se/player.php?id=648
952,Mattias Gillhart,AIK soccer player,Q5,https://www.aikstats.se/player.php?id=952
617,Mattias "Musse" Johansson,AIK soccer player,Q5,https://www.aikstats.se/player.php?id=617
14,Mattias "Moa" Moström,AIK soccer player,Q5,https://www.aikstats.se/player.php?id=14
83,Mattias Nylund,AIK soccer player,Q5,https://www.aikstats.se/player.php?id=83
656,Mattias "Thylle" Thylander,AIK soccer player,Q5,https://www.aikstats.se/player.php?id=656
627,Matts "Marren" Andersson,AIK soccer player,Q5,https://www.aikstats.se/player.php?id=627
1309,Maxime Sainte,AIK soccer player,Q5,https://www.aikstats.se/player.php?id=1309
614,Michael "Borken" Borgqvist,AIK soccer player,Q5,https://www.aikstats.se/player.php?id=614
637,Michael Brundin,AIK soccer player,Q5,https://www.aikstats.se/player.php?id=637
1383,Mikael Lustig,AIK soccer player,Q5,https://www.aikstats.se/player.php?id=1383
590,Mikael "Sama" Samuelsson,AIK soccer player,Q5,https://www.aikstats.se/player.php?id=590
823,Mikael Thorstensson,AIK soccer player,Q5,https://www.aikstats.se/player.php?id=823
645,Mike Kjølø,AIK soccer player,Q5,https://www.aikstats.se/player.php?id=645
58,Miran Burgić,AIK soccer player,Q5,https://www.aikstats.se/player.php?id=58
1449,Mirza Hasanbegovic,AIK soccer player,Q5,https://www.aikstats.se/player.php?id=1449
934,Mohamed Bangura,AIK soccer player,Q5,https://www.aikstats.se/player.php?id=934
1071,Mohamed Bangura,AIK soccer player,Q5,https://www.aikstats.se/player.php?id=1071
1103,Nabil "Nabbe" Bahoui,AIK soccer player,Q5,https://www.aikstats.se/player.php?id=1103
1272,Nebiyou Perry,AIK soccer player,Q5,https://www.aikstats.se/player.php?id=1272
205,Nebojša "Nesjo, Nebo" Novaković,AIK soccer player,Q5,https://www.aikstats.se/player.php?id=205
21,Nicklas Bergh,AIK soccer player,Q5,https://www.aikstats.se/player.php?id=21
23,Nicklas Carlsson,AIK soccer player,Q5,https://www.aikstats.se/player.php?id=23
897,Nicklas Maripuu,AIK soccer player,Q5,https://www.aikstats.se/player.php?id=897
1171,Niclas Eliasson,AIK soccer player,Q5,https://www.aikstats.se/player.php?id=1171
597,Niclas Kindvall,AIK soccer player,Q5,https://www.aikstats.se/player.php?id=597
1216,Nicolás Stefanelli,AIK soccer player,Q5,https://www.aikstats.se/player.php?id=1216
808,Niklas Backman,AIK soccer player,Q5,https://www.aikstats.se/player.php?id=808
3,Niklas "Nirre" Sandberg,AIK soccer player,Q5,https://www.aikstats.se/player.php?id=3
328,Nils "Nicke" Bergström,AIK soccer player,Q5,https://www.aikstats.se/player.php?id=328
200,Nils-Eric "Nisse" Johansson,AIK soccer player,Q5,https://www.aikstats.se/player.php?id=200
228,Nils "Gävle" Nilsson,AIK soccer player,Q5,https://www.aikstats.se/player.php?id=228
1175,Noah Sonko Sundberg,AIK soccer player,Q5,https://www.aikstats.se/player.php?id=1175
193,Ola Andersson,AIK soccer player,Q5,https://www.aikstats.se/player.php?id=193
563,Ola Rydstrand,AIK soccer player,Q5,https://www.aikstats.se/player.php?id=563
175,Olavus "Olka" Olsson,AIK soccer player,Q5,https://www.aikstats.se/player.php?id=175
366,Olle Nyström,AIK soccer player,Q5,https://www.aikstats.se/player.php?id=366
278,Olle "Olle" Zetherlund,AIK soccer player,Q5,https://www.aikstats.se/player.php?id=278
646,Olof Mellberg,AIK soccer player,Q5,https://www.aikstats.se/player.php?id=646
1457,Omar Faraj,AIK soccer player,Q5,https://www.aikstats.se/player.php?id=1457
410,Orvar Bergmark,AIK soccer player,Q5,https://www.aikstats.se/player.php?id=410
289,Oscar Albrechtsson,AIK soccer player,Q5,https://www.aikstats.se/player.php?id=289
1184,Oscar Linnér,AIK soccer player,Q5,https://www.aikstats.se/player.php?id=1184
338,Ove "Järnkaminen" Karlsson,AIK soccer player,Q5,https://www.aikstats.se/player.php?id=338
552,Ove "Ryssen, Ruben" Rübsamen,AIK soccer player,Q5,https://www.aikstats.se/player.php?id=552
455,Owe "Fiskar-Owe" Ohlsson,AIK soccer player,Q5,https://www.aikstats.se/player.php?id=455
62,Pa-Modou Kah,AIK soccer player,Q5,https://www.aikstats.se/player.php?id=62
747,Pablo Monsalvo,AIK soccer player,Q5,https://www.aikstats.se/player.php?id=747
1173,Panajotis Dimitriadis,AIK soccer player,Q5,https://www.aikstats.se/player.php?id=1173
495,Paolo Bruschi,AIK soccer player,Q5,https://www.aikstats.se/player.php?id=495
633,Pär "Mille" Millqvist,AIK soccer player,Q5,https://www.aikstats.se/player.php?id=633
188,Pascal "Pagge" Simpson,AIK soccer player,Q5,https://www.aikstats.se/player.php?id=188
660,Patric "Långås" Andersson,AIK soccer player,Q5,https://www.aikstats.se/player.php?id=660
629,Patrick Englund,AIK soccer player,Q5,https://www.aikstats.se/player.php?id=629
1182,Patrick Kpozo,AIK soccer player,Q5,https://www.aikstats.se/player.php?id=1182
798,Patrik "Putte" Bojent,AIK soccer player,Q5,https://www.aikstats.se/player.php?id=798
1174,Patrik Carlgren,AIK soccer player,Q5,https://www.aikstats.se/player.php?id=1174
635,Patrik "Putte" Fredholm,AIK soccer player,Q5,https://www.aikstats.se/player.php?id=635
41,Patrik Grönvall,AIK soccer player,Q5,https://www.aikstats.se/player.php?id=41
624,Patrik "Larry" Hagman,AIK soccer player,Q5,https://www.aikstats.se/player.php?id=624
1322,Paulos Abraham,AIK soccer player,Q5,https://www.aikstats.se/player.php?id=1322
607,Per "Harry" Harrysson,AIK soccer player,Q5,https://www.aikstats.se/player.php?id=607
4,Per "Pertan" Karlsson,AIK soccer player,Q5,https://www.aikstats.se/player.php?id=4
217,Per "Pära, Napoleon" Kaufeldt,AIK soccer player,Q5,https://www.aikstats.se/player.php?id=217
61,Per "Pelle" Nilsson,AIK soccer player,Q5,https://www.aikstats.se/player.php?id=61
682,Per "Pelle" Nilsson,AIK soccer player,Q5,https://www.aikstats.se/player.php?id=682
630,Per "Pelle" Olsson,AIK soccer player,Q5,https://www.aikstats.se/player.php?id=630
608,Peter "Peppe" Hallström,AIK soccer player,Q5,https://www.aikstats.se/player.php?id=608
197,Peter Larsson,AIK soccer player,Q5,https://www.aikstats.se/player.php?id=197
38,Pierre Bengtsson,AIK soccer player,Q5,https://www.aikstats.se/player.php?id=38
621,Pierre Gallo,AIK soccer player,Q5,https://www.aikstats.se/player.php?id=621
806,Pontus Engblom,AIK soccer player,Q5,https://www.aikstats.se/player.php?id=806
654,Pontus Kåmark,AIK soccer player,Q5,https://www.aikstats.se/player.php?id=654
361,Ragnar "Ragge" Blom,AIK soccer player,Q5,https://www.aikstats.se/player.php?id=361
1213,Rasmus Lindkvist,AIK soccer player,Q5,https://www.aikstats.se/player.php?id=1213
1203,Rickson Mansiamina,AIK soccer player,Q5,https://www.aikstats.se/player.php?id=1203
18,Robert "RÅP, Robban" Åhman Persson,AIK soccer player,Q5,https://www.aikstats.se/player.php?id=18
20,Robert Johansson,AIK soccer player,Q5,https://www.aikstats.se/player.php?id=20
1221,Robert Taylor,AIK soccer player,Q5,https://www.aikstats.se/player.php?id=1221
599,Robert "Verro" Veronese,AIK soccer player,Q5,https://www.aikstats.se/player.php?id=599
1212,Robin Jansson,AIK soccer player,Q5,https://www.aikstats.se/player.php?id=1212
1000,Robin Quaison,AIK soccer player,Q5,https://www.aikstats.se/player.php?id=1000
1307,Robin Tihi,AIK soccer player,Q5,https://www.aikstats.se/player.php?id=1307
589,Roger "Sudden" Sundin,AIK soccer player,Q5,https://www.aikstats.se/player.php?id=589
453,Roland Grip,AIK soccer player,Q5,https://www.aikstats.se/player.php?id=453
385,Roland Lönn,AIK soccer player,Q5,https://www.aikstats.se/player.php?id=385
448,Rolf "Linus" Lindgren,AIK soccer player,Q5,https://www.aikstats.se/player.php?id=448
180,Rolf "Roffe Zäta" Zetterlund,AIK soccer player,Q5,https://www.aikstats.se/player.php?id=180
1517,Ruben "Massa" Gelbord,AIK soccer player,Q5,https://www.aikstats.se/player.php?id=1517
1463,Rui Modesto,AIK soccer player,Q5,https://www.aikstats.se/player.php?id=1463
219,Rune Bergström,AIK soccer player,Q5,https://www.aikstats.se/player.php?id=219
378,Rune "Punne" Carlsson,AIK soccer player,Q5,https://www.aikstats.se/player.php?id=378
372,Rune Larsson,AIK soccer player,Q5,https://www.aikstats.se/player.php?id=372
771,Saihou "CH" Jagne,AIK soccer player,Q5,https://www.aikstats.se/player.php?id=771
1245,Saku Ylätupa,AIK soccer player,Q5,https://www.aikstats.se/player.php?id=1245
1098,Sam Lundholm,AIK soccer player,Q5,https://www.aikstats.se/player.php?id=1098
84,Samuel Ayorinde,AIK soccer player,Q5,https://www.aikstats.se/player.php?id=84
1229,Samuel Brolin,AIK soccer player,Q5,https://www.aikstats.se/player.php?id=1229
1317,Samuel Dahl,AIK soccer player,Q5,https://www.aikstats.se/player.php?id=1317
204,Sanny Åslund,AIK soccer player,Q5,https://www.aikstats.se/player.php?id=204
1187,Sauli Väisänen,AIK soccer player,Q5,https://www.aikstats.se/player.php?id=1187
911,Sebastián Eguren,AIK soccer player,Q5,https://www.aikstats.se/player.php?id=911
1207,Sebastian Larsson,AIK soccer player,Q5,https://www.aikstats.se/player.php?id=1207
659,Sharbel Touma,AIK soccer player,Q5,https://www.aikstats.se/player.php?id=659
1224,Simon Thern,AIK soccer player,Q5,https://www.aikstats.se/player.php?id=1224
792,Sotirios "Sotte" Papagiannopoulos,AIK soccer player,Q5,https://www.aikstats.se/player.php?id=792
564,Staffan "Isak" Isaksson,AIK soccer player,Q5,https://www.aikstats.se/player.php?id=564
63,Stefan "Ishi" Ishizaki,AIK soccer player,Q5,https://www.aikstats.se/player.php?id=63
616,Stefan Jonsson,AIK soccer player,Q5,https://www.aikstats.se/player.php?id=616
545,Stefan Lundin,AIK soccer player,Q5,https://www.aikstats.se/player.php?id=545
1215,Stefan Silva,AIK soccer player,Q5,https://www.aikstats.se/player.php?id=1215
235,Sten Mellgren,AIK soccer player,Q5,https://www.aikstats.se/player.php?id=235
626,Stephan "Storken" Johansson,AIK soccer player,Q5,https://www.aikstats.se/player.php?id=626
327,Stig "Stickan" Östberg,AIK soccer player,Q5,https://www.aikstats.se/player.php?id=327
1351,Stipe Vrdoljak,AIK soccer player,Q5,https://www.aikstats.se/player.php?id=1351
1246,Sulejman Krpić,AIK soccer player,Q5,https://www.aikstats.se/player.php?id=1246
360,Sune "Mona-Lisa" Andersson,AIK soccer player,Q5,https://www.aikstats.se/player.php?id=360
309,Svante Granlund,AIK soccer player,Q5,https://www.aikstats.se/player.php?id=309
90,Svante Samuelsson,AIK soccer player,Q5,https://www.aikstats.se/player.php?id=90
255,Sven "Svenne, Vrålis" Andersson,AIK soccer player,Q5,https://www.aikstats.se/player.php?id=255
757,Sven "Svenne Berka" Bergqvist,AIK soccer player,Q5,https://www.aikstats.se/player.php?id=757
543,Sven "Dala" Dahlkvist,AIK soccer player,Q5,https://www.aikstats.se/player.php?id=543
399,Sven-Erik Westerberg,AIK soccer player,Q5,https://www.aikstats.se/player.php?id=399
218,Sven "Linkan" Lindqvist,AIK soccer player,Q5,https://www.aikstats.se/player.php?id=218
386,Sven "Sventa, Ekerö-Olle, Svenne" Olsson,AIK soccer player,Q5,https://www.aikstats.se/player.php?id=386
287,Sven "Tomten" Söderström,AIK soccer player,Q5,https://www.aikstats.se/player.php?id=287
262,Tage Wissnell,AIK soccer player,Q5,https://www.aikstats.se/player.php?id=262
1439,Taha Ayari,AIK soccer player,Q5,https://www.aikstats.se/player.php?id=1439
1211,Tarik Elyounoussi,AIK soccer player,Q5,https://www.aikstats.se/player.php?id=1211
187,Teddy Lučić,AIK soccer player,Q5,https://www.aikstats.se/player.php?id=187
974,Theodor "Todde" Malm,AIK soccer player,Q5,https://www.aikstats.se/player.php?id=974
194,Thomas Andersson,AIK soccer player,Q5,https://www.aikstats.se/player.php?id=194
575,Thomas Bergman,AIK soccer player,Q5,https://www.aikstats.se/player.php?id=575
596,Thomas "Boda" Bodström,AIK soccer player,Q5,https://www.aikstats.se/player.php?id=596
576,Thomas Johansson,AIK soccer player,Q5,https://www.aikstats.se/player.php?id=576
610,Thomas "Tolle" Lagerlöf,AIK soccer player,Q5,https://www.aikstats.se/player.php?id=610
588,Thomas Lundmark,AIK soccer player,Q5,https://www.aikstats.se/player.php?id=588
1293,Tom Strannegård,AIK soccer player,Q5,https://www.aikstats.se/player.php?id=1293
811,Tomi Maanoja,AIK soccer player,Q5,https://www.aikstats.se/player.php?id=811
186,Tommy Lundh,AIK soccer player,Q5,https://www.aikstats.se/player.php?id=186
185,Torbjörn "Tobbe" Ek,AIK soccer player,Q5,https://www.aikstats.se/player.php?id=185
457,Tord Grip,AIK soccer player,Q5,https://www.aikstats.se/player.php?id=457
251,Torsten "Ala" Arnberg,AIK soccer player,Q5,https://www.aikstats.se/player.php?id=251
856,Ulf Schramm,AIK soccer player,Q5,https://www.aikstats.se/player.php?id=856
598,Urban "Ubbe" Hammar,AIK soccer player,Q5,https://www.aikstats.se/player.php?id=598
276,Valter "Valle" Sköld,AIK soccer player,Q5,https://www.aikstats.se/player.php?id=276
1431,Victor Andersson,AIK soccer player,Q5,https://www.aikstats.se/player.php?id=1431
1477,Viktor Fischer,AIK soccer player,Q5,https://www.aikstats.se/player.php?id=1477
777,Viktor Lundberg,AIK soccer player,Q5,https://www.aikstats.se/player.php?id=777
1460,Vincent Thill,AIK soccer player,Q5,https://www.aikstats.se/player.php?id=1460
661,Vyacheslav "Slavik" Jevtushenko,AIK soccer player,Q5,https://www.aikstats.se/player.php?id=661
770,Walid Atta,AIK soccer player,Q5,https://www.aikstats.se/player.php?id=770
247,Wilhelm "Mulle" Petersén,AIK soccer player,Q5,https://www.aikstats.se/player.php?id=247
231,Wilhelm "Ville" van der Haagen,AIK soccer player,Q5,https://www.aikstats.se/player.php?id=231
9,Wilton Figueiredo,AIK soccer player,Q5,https://www.aikstats.se/player.php?id=9
1327,Yasin Ayari,AIK soccer player,Q5,https://www.aikstats.se/player.php?id=1327
184,Yngve Leback,AIK soccer player,Q5,https://www.aikstats.se/player.php?id=184
799,Yussuf Saleh,AIK soccer player,Q5,https://www.aikstats.se/player.php?id=799
1425,Zachary "Zack" Elbouzedi,AIK soccer player,Q5,https://www.aikstats.se/player.php?id=1425