id	name	description
1313	Abdihakin Ali	Mittfältare, aktiv 2012-2022, matcher 11
1462	Abdussalam Magashy	Mittfältare, aktiv 2023- ?, matcher 16
1220	Adam Ben Lamin	Back, aktiv 2011-2021, matcher 6
13	Admir Ćatović	Forward, aktiv 1999-2012, matcher 44
1243	Agustin Gomez	Back, aktiv 2017-2017, matcher 1
1426	Ahmad Faqa	Back, aktiv 2017-2022, matcher 17
1200	Ahmed Yasin	Mittfältare, aktiv 2016-2018, matcher 59
302	Åke "Carnera" Andersson	Yttermittfältare, aktiv 1939-1946, matcher 143
303	Åke "Gentile" Andersson	Ytterback, aktiv 1982-1984, matcher 29
530	Åke "Bulten" Andersson	Högerback, aktiv 1973-1975, matcher 26
348	Åke "Åke Andersson II" Andersson	Högerinner, aktiv 1944-1946, matcher 6
296	Åke "Sparven" Ericson	Högerytter, aktiv ? - ?, matcher 9
377	Åke "Frasse" Fransson	Högerinner, aktiv 1950-1952, matcher 24
376	Åke "Sampis" Sandberg	Målvakt, aktiv 1949-1951, matcher 12
264	Åke "Plockis" Sigrell	Vänsterinner, aktiv ? - ?, matcher 87
1222	Albin Linnér	Forward, aktiv 2017-2019, matcher 8
1433	Alexander Fesshaie	Forward, aktiv 2017-2022, matcher 19
67	Alexander Gerndt	Forward, aktiv 2007-2007, matcher 16
1202	Alexander Isak	Forward, aktiv 2005-2017, matcher 36
987	Alexander Milošević	Back, aktiv 2011-2019, matcher 212
632	Alexander "Salle" Östlund	Forward, aktiv 1991-1998, matcher 62
263	Algot "Agge" Haglund	Högerytter, aktiv 1928-1934, matcher 3
1073	Alhassan "Crespo" Kamara	Forward, aktiv 2012-2013, matcher 26
1205	Amin Affane	Mittfältare, aktiv 2016-2018, matcher 53
785	Ammar Ahmed	Mittfältare, aktiv ? -2007, matcher 
66	Anders Almgren	Målvakt, aktiv 1996-2008, matcher 17
551	Anders Åslund	Forward, aktiv 1976-1981, matcher 77
601	Anders Forsberg	Målvakt, aktiv 1988-1989, matcher 11
190	Anders "Hjelle" Hjelm	Back, aktiv 1989-1994, matcher 92
641	Anders Limpar	Mittfältare, aktiv 1974-1998, matcher 28
80	Andreas Alm	Forward, aktiv 2000-2016, matcher 61
28	Andreas "Adde" Andersson	Forward, aktiv 1999-2006, matcher 119
31	Andreas "Ante" Eriksson	Forward, aktiv 2004-2006, matcher 37
663	Andreas Ingel	Mittfältare, aktiv 1999-2002, matcher 11
651	Andreas "Adde" Johansson	Forward, aktiv 1999-1999, matcher 28
639	Andreas "Ante" Yngvesson	Forward, aktiv 1997-1998, matcher 24
1077	Anton Salétros	Mittfältare, aktiv 2009-2019, matcher 173
891	Antônio Flávio	Forward, aktiv 2009-2011, matcher 58
34	Arash Talebinejad	Forward, aktiv 2002-2006, matcher 65
343	Arne Andersson	Center, aktiv 1944-1946, matcher 52
294	Arthur Svensson	Vänsterhalv, aktiv 1937-1943, matcher 128
672	Atik Ismail	Forward, aktiv 1980-1980, matcher 13
258	Axel "Massa" Alfredsson	Högerback, aktiv 1929-1959, matcher 93
1421	Axel "Acke" Björnström	Vänsterback, aktiv 2022- ?, matcher 60
269	Axel "Acke, Lill-Acke" Nilsson	Vänsterytter, aktiv 1932-1941, matcher 180
405	Bengt Anlert	Vänsterhalv, aktiv 1947-1961, matcher 151
379	Bengt "Spjället" Kjell	Målvakt, aktiv 1950-1956, matcher 99
429	Bengt "Snövit" Pettersson	Högerhalv, aktiv 1959-1959, matcher 15
347	Bengt Rosenqvist	, aktiv ? - ?, matcher 46
60	Benjamin "Kibbe" Kibebe	Back, aktiv 1999-2005, matcher 125
1454	Benjamin Mbunga Kimpioka	Forward, aktiv 2022- ?, matcher 26
10	Bernt Hulsker	Forward, aktiv 2006-2007, matcher 40
571	Bernt Ljung	Målvakt, aktiv 1981-1992, matcher 212
252	Bertil "Jeppe" Andersson	Högerytter, aktiv 1928-1928, matcher 6
362	Bertil Bäckvall	Vänsterytter, aktiv 1943-1953, matcher 133
273	Bertil "Danskdödaren" Ericsson	Center, aktiv 1932-1932, matcher 4
397	Bertil "Berra" Johansson	Högerinner, aktiv 1952-1954, matcher 15
266	Bertil Linde	Målvakt, aktiv 1930-1932, matcher 1
1218	Bilal Hussein	Mittfältare, aktiv 2014-2018, matcher 170
406	Björn Anlert	Högerhalv, aktiv 1947-1966, matcher 163
198	Björn "Björne" Kindlund	Back, aktiv 1978-1993, matcher 254
195	Bo "Super-Bo, Lanthandlarn" Andersson	Forward, aktiv 1990-1991, matcher 36
192	Bo "Bosse" Petersson	Mittfältare, aktiv 1977-1980, matcher 20
769	Bojan Djordjic	Mittfältare, aktiv 2007-2010, matcher 72
1380	Bojan Radulović	Forward, aktiv 2020-2022, matcher 44
299	Börje Leander	Centerhalv, aktiv 1938-1953, matcher 275
179	Börje Leback	Mittfältare, aktiv 1971-1978, matcher 190
373	Bror "Vilde Jägaren" Mellberg	Center, aktiv 1948-1979, matcher 93
404	Bruno "Älgen" Nyberg	Vänsterback, aktiv 1953-1961, matcher 130
24	Brwa Nouri	Mittfältare, aktiv 1984-2009, matcher 23
1217	Budimir Janošević	Målvakt, aktiv 2018- ?, matcher 91
253	Carl-Filip "Fille" Borgh	Center, aktiv 1928-1929, matcher 5
1230	Carlos Strandberg	Forward, aktiv 2016-2016, matcher 17
1075	Celso Borges	Mittfältare, aktiv 2012-2015, matcher 110
634	Cesar Pachà	Forward, aktiv 1996-1997, matcher 49
1242	Chinedu "Edu" Obasi	Forward, aktiv 2016-2019, matcher 46
652	Christer "Kitten, Mattigol" Mattiasson	Forward, aktiv 1999-2001, matcher 81
1162	Christian Frealdsson	Målvakt, aktiv 2013-2013, matcher 
997	Christian "Chrille" Kouakou	Forward, aktiv 2001-2013, matcher 22
780	Christoffer Eriksson	Back, aktiv 2007-2011, matcher 20
1181	Christos Gravius	Mittfältare, aktiv 2008-2019, matcher 42
642	Claes "Labbe" Green	Målvakt, aktiv 1997-1997, matcher 7
538	Claes Marklund	Vänsterback, aktiv 1969-1979, matcher 113
923	Clecio Nascimento Santos	Forward, aktiv 2010-2010, matcher 3
1455	Collins Sichenje	Back, aktiv 2022- ?, matcher 18
536	Crister Andersson	Mittfältare, aktiv 1974-1977, matcher 63
181	Dag Szepanski	Forward, aktiv 1970-1973, matcher 111
657	Daniel Andersson	Målvakt, aktiv 2000-2002, matcher 84
11	Daniel Arnefjord	Mittback, aktiv 2006-2008, matcher 82
1247	Daniel Granli	Back, aktiv 2019-2021, matcher 44
807	Daniel Gustavsson	, aktiv 2009-2014, matcher 107
27	Daniel "Hochen" Hoch	Forward, aktiv 1997-2005, matcher 169
841	Daniel Majstorović	Mittback, aktiv 2012-2014, matcher 22
57	Daniel Mendes	Forward, aktiv 2006-2008, matcher 93
1236	Daniel Mushitu	Forward, aktiv 2016-2020, matcher 9
1	Daniel Örlund	Målvakt, aktiv 2002-2010, matcher 192
853	Daniel Sundgren	Mittfältare, aktiv 2016-2019, matcher 129
8	Daniel "Tjerna" Tjernström	Mittfältare, aktiv 1999-2013, matcher 481
819	David Fällman	Back, aktiv 2012-2012, matcher 12
650	David Ljung	Innerback, aktiv 1998-2001, matcher 81
619	David Nildén	Mittfältare, aktiv 1985-1993, matcher 4
1214	Denni Avdić	Forward, aktiv 2016-2018, matcher 73
6	Dennis "Dempa" Östlundh	Mittfältare, aktiv 1992-2007, matcher 56
19	Derek Boateng	Mittfältare, aktiv 2003-2006, matcher 66
189	Dick Lidman	Forward, aktiv 1992-1997, matcher 160
1177	Dickson Etuhu	Mittfältare, aktiv 2014-2017, matcher 35
86	Dieter "Budde" Burdenski	Målvakt, aktiv 1988-1988, matcher 1
662	Dime Jankulovski	Målvakt, aktiv 2001-2002, matcher 13
30	Dulee Johnson	Defensiv mittfältare, aktiv 2006-2011, matcher 150
1168	Ebenezer Ofori	Ytterback, aktiv 2013-2022, matcher 183
690	Edvin Sandborg	, aktiv ? - ?, matcher 1
1079	Edward Owusu	Mittback, aktiv 2012-2016, matcher 17
1172	Eero Markkanen	Forward, aktiv 2014-2018, matcher 75
283	Einar "Eje, Bolas" Bohlin	Vänsterinner, aktiv 1934-1940, matcher 35
1470	Elias Durmaz	Mittfältare, aktiv 2023- ?, matcher 11
212	Elis Ekholm	Vänsterhalv, aktiv 1918-1932, matcher 53
784	Emil Berger	Mittfältare, aktiv 2008-2008, matcher 1
1083	Emil Skogh	Vänsterback, aktiv 2009-2014, matcher 1
1209	Enoch Kofi Adu	Mittfältare, aktiv 2017-2021, matcher 118
383	Eric Grübb	Center, aktiv 1950-1952, matcher 13
1289	Eric Kahl	Back, aktiv 2005-2021, matcher 44
1303	Erick Otieno	Vänsterback, aktiv 2020- ?, matcher 113
284	Erik "Jerker" Almgren	Halvback, aktiv 1934-1964, matcher 213
980	Erik "Berka" Bergqvist	Målvakt, aktiv 1915- ?, matcher 17
1533	Erik "Berka" Bergqvist	Vänsterytter, aktiv ? - ?, matcher 1
658	Erik Edman	Vänsterback, aktiv 2000-2001, matcher 37
1258	Erik Ring	Mittfältare, aktiv 2018-2020, matcher 82
346	Erik Svensson	Vänsterytter, aktiv 1944-1944, matcher 1
221	Ernst "Sudden, Ärtan" Wahlberg	Vänsterinner, aktiv 1923-1934, matcher 154
594	Esa Pekonen	Back, aktiv 1987-1989, matcher 49
241	Evald Allard	Back, aktiv 1920-1930, matcher 2
421	Evert "Bäckis" Jansson	Vänsterinner, aktiv 1957-1958, matcher 18
1279	Felix Michel	Back, aktiv 2019-2022, matcher 28
1381	Filip Rogić	Mittfältare, aktiv 2020-2022, matcher 38
946	Frank Pettersson	Goalkeeper, aktiv 2001-2004, matcher 1
76	Fredrik Björck	Innerback, aktiv 2003-2004, matcher 59
1179	Fredrik Brustad	Forward, aktiv 2015-2016, matcher 60
625	Fredrik "Freppa" Espmark	Vänsterback, aktiv 1994-1995, matcher 45
613	Fredrik "Gisan" Giesecke	Högerback, aktiv 1991-1991, matcher 9
1183	Gabriel Ferreyra	Mittfältare, aktiv 2014-2015, matcher 7
56	Gabriel "Gabbe" Özkan	Mittfältare, aktiv 2006-2013, matcher 89
35	Gabriel "Gabbe" Petrović	Mittfältare, aktiv 1993-2006, matcher 40
568	Glenn Rönnberg	Vänsterback, aktiv 1979-1982, matcher 47
468	Göran Åberg	Högerback, aktiv 1960-1987, matcher 165
413	Göran Åslin	Vänsterhalv, aktiv 1951-1959, matcher 68
535	Göran "GG" Göransson	Mittfältare, aktiv 1970-1990, matcher 341
580	Göran Hagberg	Målvakt, aktiv 1982-1982, matcher 13
940	Goran Ljubojević	Forward, aktiv 2010-2011, matcher 20
33	Göran Marklund	Forward, aktiv 2003-2006, matcher 36
358	Gösta "Pröjsarn" Nilsson	Forward, aktiv 1945-1955, matcher 187
250	Gunnar "Keruben" Galin	Vänsterinner, aktiv 1917-1929, matcher 8
382	Gunnar Öqvist	Vänsterinner, aktiv 1950-1954, matcher 13
324	Gunnar "Hoppjerkan" Södergren	Forward, aktiv 1944-1947, matcher 38
280	Gustaf Josefsson	Högerytter, aktiv ? - ?, matcher 109
1231	Gustaf Lagerbielke	Back, aktiv 2017-2019, matcher 2
1223	Gustav Berggren	Mittfältare, aktiv ? -2019, matcher 3
270	Gustav "Gurra" Sjöberg	Målvakt, aktiv 1929-1950, matcher 347
29	Håkan Svensson	Målvakt, aktiv 2002-2004, matcher 61
901	Hans "Hasse" Backe	Tränare, aktiv 1970-1995, matcher 
615	Hans Eskilsson	Forward, aktiv 1991-1991, matcher 12
371	Hans "Hasse" Möller	Högerhalv, aktiv 1946-1953, matcher 6
1158	Hans "Hasse, Trisse" Nilsson	Mittfältare, aktiv ? - ?, matcher 1
336	Hans Nilsson	Högerback, aktiv 1941- ?, matcher 1
330	Harry "Hajjak" Johansson	Vänsterhalv, aktiv 1942-1951, matcher 122
326	Harry Nilsson	Högerback, aktiv 1942-1950, matcher 181
1176	Haukur Hauksson	Back, aktiv 2015-2018, matcher 88
752	Helge "Ekis" Ekroth	Forward, aktiv 1910-1923, matcher 108
942	Helgi Daníelsson	Mittfältare, aktiv 2010-2013, matcher 115
1078	Henok Goitom	Forward, aktiv 2012-2021, matcher 323
304	Henry "Garvis" Carlsson	Inner, aktiv 1939-1966, matcher 218
1210	Heradi Rashidi	Mittfältare, aktiv 2018-2021, matcher 72
222	Herbert "Banken" Ohlsson	Högerinner, aktiv 1908-1926, matcher 54
234	Herman Carlson	Högerinner, aktiv ? - ?, matcher 5
622	Hernando "Labbe" L'Abbé	Målvakt, aktiv 1993-1993, matcher 1
333	Herold "Wolfen" Wolfbrandt	Center, aktiv 1942-1943, matcher 35
288	Holger "Hogge, Bellan" Belin	Vänsterinner, aktiv 1934-1943, matcher 33
1474	Hugo Aviander	Mittfältare, aktiv 2018-2023, matcher 1
236	Hugo Sjögren	Vänsterhalv, aktiv 1926-1937, matcher 143
249	Hugo "Sitting" Söderström	Centerhalv, aktiv 1928-1929, matcher 6
1104	Ibrahim Moro	Mittfältare, aktiv 2012-2015, matcher 81
426	Inge Bengtsson	Vänsterytter, aktiv 1958-1965, matcher 142
420	Ingemar Ingevik	Högerback, aktiv 1952-2002, matcher 70
393	Ingvar "Tjotta" Olsson	Center, aktiv 1951-1958, matcher 144
290	Isidor "Isse" Eriksson	Vänsterhalv, aktiv 1935- ?, matcher 52
368	Ivan "Bodde" Bodin	Center, aktiv 1948-1955, matcher 126
668	Iván Obolo	Forward, aktiv 2007-2009, matcher 108
935	Ivan Turina	Målvakt, aktiv 2010-2013, matcher 110
979	Ivar "Iffa-Sven" Svensson	Forward, aktiv ? - ?, matcher 39
1266	Jack Lahne	Forward, aktiv 2019-2019, matcher 10
904	Jacob Ericsson	Mittfältare, aktiv 2011-2013, matcher 5
1305	Jakob Haugaard	Målvakt, aktiv 2020-2023, matcher 21
493	Jan Adolfsson	Målvakt, aktiv 1968-1968, matcher 1
513	Jan "Blomman, Janne" Åkerblom	Vänsterytter, aktiv 1971-1972, matcher 7
618	Jan Andersson	Back, aktiv 1993-1994, matcher 37
573	Jan "Janne" Eriksson	Innerback, aktiv 1987-1995, matcher 86
759	Jan "Janne" Eriksson	Högerback, aktiv 1977-1984, matcher 39
534	Jan-Olof Wallgren	Innerback, aktiv 1974-1977, matcher 100
628	Jarmo Saastamoinen	Mittback, aktiv 1995-1995, matcher 10
1304	Jasir Asani	Högerytter, aktiv 2020-2020, matcher 11
384	Jerker Hannerz	Center, aktiv 1947-1954, matcher 2
1450	Jesper Ceesay	Defensiv mittfältare, aktiv 2022-2023, matcher 31
623	Jesper "Jeppe" Jansson	Mittback, aktiv 1994-1995, matcher 48
1239	Jesper Merbom Adolfsson	Back, aktiv ? - ?, matcher 1
1225	Jesper Nyholm	Back, aktiv 2016-2019, matcher 32
1422	Jetmir Haliti	Back, aktiv 2021- ?, matcher 28
441	Jim "Jimpa" Nildén	Mittfältare, aktiv 1953-1975, matcher 170
1471	Jimmy Durmaz	Mittfältare, aktiv 2023- ?, matcher 18
15	Jimmy Tamandi	Ytterback, aktiv 2002-2007, matcher 168
603	Joacim Sjöström	Målvakt, aktiv 1989-1990, matcher 41
666	Joakim Hagernäs	Offensiv mittfältare, aktiv 2004-2004, matcher 2
1227	Joel Ekstrand	Back, aktiv 2018-2019, matcher 3
1178	Johan Blomberg	Mittfältare, aktiv 2015-2018, matcher 107
591	Johan Johansson	Ytterback, aktiv 1983-1991, matcher 80
5	Johan "Kungen" Mjällby	Mittfältare, aktiv 1984-2006, matcher 180
320	John Anderberg	Center, aktiv 1941-1942, matcher 14
1406	John Chibuike	Forward, aktiv 2016-2017, matcher 7
842	John Guidetti	Forward, aktiv 2022- ?, matcher 41
242	John "Jompa" Nilsson	Högerytter, aktiv 1925-1936, matcher 154
242	John "Jompa" Nilsson	Högerytter, aktiv 1925-1936, matcher 154
285	John "Long-John" Nilsson	Center, aktiv 1934-1936, matcher 31
285	John "Long-John" Nilsson	Center, aktiv 1934-1936, matcher 31
210	John "Broarn" Persson	Centerhalv, aktiv ? - ?, matcher 96
1522	Jonah Kusi-Asare	Forward, aktiv 2023- ?, matcher 1
612	Jonas "Jonte" Henriksson	Forward, aktiv 1984-1991, matcher 2
1152	Jonas Olsson	Målvakt, aktiv ? -2014, matcher 1
1456	Jordan Larsson	Forward, aktiv 2022-2022, matcher 13
768	Jorge Anchén	Mittfältare, aktiv 2008-2008, matcher 30
790	Jorge Ortíz	Mittfältare, aktiv 2008-2010, matcher 82
178	Jörgen Bengtsson	Forward, aktiv 1960-1973, matcher 121
416	Jörgen Ekengren	Målvakt, aktiv 1956-1959, matcher 46
824	Jos Hooiveld	Back, aktiv 2009-2017, matcher 74
1312	Josafat "Joe" Mendes	Back, aktiv 2015-2023, matcher 46
207	Josef "Jocke" Ekholm	Högerback, aktiv 1918-1932, matcher 40
211	Justus Gustafsson	Vänsterback, aktiv 1917-1930, matcher 133
565	Jyrki Nieminen	Forward, aktiv 1979-1984, matcher 149
972	Karl "Kalle" Ansén	, aktiv ? - ?, matcher 87
82	Karl "Kalle Kula" Corneliusson	Högerback, aktiv 1999-2003, matcher 159
678	Karl "Timpa" Simonsson	, aktiv ? - ?, matcher 1
620	Karl "Kalle" Ståhl	Mittback, aktiv 1990-1994, matcher 8
1257	Karol Mets	Back, aktiv 2019-2020, matcher 63
828	Kennedy Igboananike	Forward, aktiv 2012-2014, matcher 84
12	Kenny Pavey	Höger mittfältare, aktiv 2006-2015, matcher 240
758	Kevin Walker	Mittfältare, aktiv 2007-2011, matcher 58
71	Khari Stephenson	Mittfältare, aktiv 2007-2008, matcher 54
592	Kim Bergstrand	Forward, aktiv 1983-1994, matcher 181
585	Kjell Jonevret	Forward, aktiv 1984-1985, matcher 30
1109	Knut "Knutte" Nilsson	, aktiv 1902-1923, matcher 82
1265	Kolbeinn Sigþórsson	Forward, aktiv 2019-2021, matcher 46
59	Krister "Krille" Nordin	Mittfältare, aktiv 1992-2004, matcher 339
7	Kristian Haynes	Forward, aktiv 2005-2007, matcher 63
36	Kristoffer Arvhage	Back, aktiv 2004-2005, matcher 33
1042	Kristoffer Nordfeldt	Målvakt, aktiv 2021- ?, matcher 78
1208	Kristoffer "Koffe" Olsson	Mittfältare, aktiv 2017-2019, matcher 69
422	Kurt "Kurre" Andersson	Högerytter, aktiv 1957-1971, matcher 149
401	Kurt "Kurre" Hamrin	Högerytter, aktiv 1949-1956, matcher 72
390	Kurt "Kurre" Liander	Vänsterytter, aktiv 1949-1990, matcher 101
77	Kwame "Caniggia" Quansah	Forward, aktiv 2003-2003, matcher 30
75	Kweku "Stone" Turkson	Innermittfältare, aktiv 2003-2003, matcher 6
1065	Lalawelé "Lala" Atakora	Mittfältare, aktiv 2011-2015, matcher 63
1464	Lamine Dabo	Mittfältare, aktiv 2023- ?, matcher 3
395	Lars "Råttan" Boman	Vänsterytter, aktiv 1948-1953, matcher 2
417	Lars Hedén	Vänsterinner, aktiv 1955-1957, matcher 10
389	Lars Larsson	Vänsterhalv, aktiv 1950-1955, matcher 30
452	Lars Sjöström	Forward, aktiv 1964-1965, matcher 21
581	Lars "Larsa, Z" Zetterlund	Mittfältare, aktiv 1982-1986, matcher 124
644	Lee Baxter	Målvakt, aktiv 1998-2015, matcher 24
470	Leif Hult	Målvakt, aktiv 1967-1969, matcher 54
447	Leif Iwarsson	Högerytter, aktiv 1963-1963, matcher 2
561	Leif "Lidde" Lindén	Ytterback, aktiv 1976-1982, matcher 72
609	Leif Olsson	Mittfältare, aktiv 1990-1991, matcher 14
411	Leif "Leffe" Skiöld	Högerinner, aktiv 1954-1959, matcher 93
363	Lennart "Pluntan" Askinger	Vänsterback, aktiv 1946-1955, matcher 95
427	Lennart Backman	Yttermittfältare, aktiv 1959-1967, matcher 236
332	Lennart Carlsson	Back, aktiv 1947-1959, matcher 209
331	Lennart Carlsson-Askerlund	Högerinner, aktiv 1942-1944, matcher 51
440	Lennart Hemming	, aktiv ? - ?, matcher 158
357	Lennart "Derby" Pettersson	Högerinner, aktiv 1946-1950, matcher 74
431	Lennart "Liston" Söderberg	Högerback, aktiv 1950-1970, matcher 116
1423	Lucas Forsberg	Högerback, aktiv 2021-2023, matcher 11
669	Lucas Valdemarín	Forward, aktiv 2007-2008, matcher 34
87	Luke "Shaggy" Casserly	Innermittfältare, aktiv 2000-2002, matcher 86
1249	Magnar Ødegaard	Mittback, aktiv 2019-2019, matcher 5
37	Magnus Eriksson	Forward, aktiv 2006-2008, matcher 7
611	Magnus Hedman	Målvakt, aktiv 1987-1997, matcher 159
78	Mani Tourang	Forward, aktiv 2001-2004, matcher 9
604	Marco Ciardi	Vänster mittfältare, aktiv 1989-1996, matcher 90
647	Marino "Marre" Rahmberg	Forward, aktiv 1998-1999, matcher 46
1180	Marko Nikolić	Forward, aktiv 2014-2017, matcher 34
17	Markus "Mr 100%" Jonsson	Högerback, aktiv 2006-2009, matcher 132
2	Markus "Mackan" Karlsson	Vänsterback, aktiv 2005-2007, matcher 49
64	Martin Åslund	Mittfältare, aktiv 1981-2005, matcher 150
636	Martin Hyský	Vänsterback, aktiv 1996-1996, matcher 6
840	Martin Lorentzson	Ytterback, aktiv 2010-2015, matcher 202
587	Mats Olausson	Innerback, aktiv 1985-1989, matcher 100
199	Mats Rohdin	Back, aktiv 1985-1991, matcher 136
22	Mats Rubarth	Vänster mittfältare, aktiv 2001-2008, matcher 218
648	Mattias Asper	Målvakt, aktiv 1998-2000, matcher 94
952	Mattias Gillhart	, aktiv ? - ?, matcher 
617	Mattias "Musse" Johansson	Mittfältare, aktiv 1993-1997, matcher 151
14	Mattias "Moa" Moström	Mittfältare, aktiv 1999-2007, matcher 88
83	Mattias Nylund	Vänsterback, aktiv 2003-2003, matcher 4
656	Mattias "Thylle" Thylander	Högerback, aktiv 2000-2001, matcher 47
627	Matts "Marren" Andersson	Målvakt, aktiv 1993-1997, matcher 7
1309	Maxime Sainte	, aktiv ? - ?, matcher 4
614	Michael "Borken" Borgqvist	Mittfältare, aktiv 1983-1995, matcher 113
637	Michael Brundin	Innerback, aktiv 1996-2000, matcher 178
1383	Mikael Lustig	Back, aktiv 2020-2022, matcher 89
590	Mikael "Sama" Samuelsson	Mittfältare, aktiv 1986-1988, matcher 10
823	Mikael Thorstensson	Forward, aktiv 2009-2009, matcher 23
645	Mike Kjølø	Högerback, aktiv 1998-1999, matcher 76
58	Miran Burgić	Forward, aktiv 2006-2010, matcher 101
1449	Mirza Hasanbegovic	Forward, aktiv ? -2020, matcher 
934	Mohamed Bangura	Forward, aktiv 2010-2016, matcher 104
1071	Mohamed Bangura	, aktiv ? - ?, matcher 
1103	Nabil "Nabbe" Bahoui	Forward, aktiv 2012-2022, matcher 215
1272	Nebiyou Perry	Yttermittfältare, aktiv ? -2018, matcher 2
205	Nebojša "Nesjo, Nebo" Novaković	Forward, aktiv 1998-2017, matcher 172
21	Nicklas Bergh	Målvakt, aktiv 2005-2010, matcher 30
23	Nicklas Carlsson	Mittback, aktiv 2005-2007, matcher 97
897	Nicklas Maripuu	Back, aktiv 1997-2015, matcher 33
1171	Niclas Eliasson	Mittfältare, aktiv 2014-2017, matcher 69
597	Niclas Kindvall	Forward, aktiv 1987-1990, matcher 82
1216	Nicolás Stefanelli	Forward, aktiv 2017-2023, matcher 124
808	Niklas Backman	Mittback, aktiv 2009-2014, matcher 155
3	Niklas "Nirre" Sandberg	Innerback, aktiv 1996-2007, matcher 118
328	Nils "Nicke" Bergström	Högerinner, aktiv 1942-1942, matcher 8
200	Nils-Eric "Nisse" Johansson	Back, aktiv 1997-2018, matcher 450
228	Nils "Gävle" Nilsson	Vänsterhalv, aktiv 1925-1932, matcher 138
1175	Noah Sonko Sundberg	Back, aktiv 2010-2018, matcher 63
193	Ola Andersson	Mittfältare, aktiv 1995-2008, matcher 158
563	Ola Rydstrand	Mittfältare, aktiv 1979-1982, matcher 65
175	Olavus "Olka" Olsson	Innerback, aktiv 1967-1989, matcher 118
366	Olle Nyström	, aktiv 1947-1948, matcher 5
278	Olle "Olle" Zetherlund	Center, aktiv 1933-1939, matcher 63
646	Olof Mellberg	Innerback, aktiv 1998-1998, matcher 20
1457	Omar Faraj	Forward, aktiv 2013-2016, matcher 23
410	Orvar Bergmark	Vänsterback, aktiv 1955-1955, matcher 21
289	Oscar Albrechtsson	Vänsterback, aktiv 1932-1936, matcher 1
1184	Oscar Linnér	Målvakt, aktiv 2016-2020, matcher 122
338	Ove "Järnkaminen" Karlsson	Vänsterback, aktiv 1943-1948, matcher 109
552	Ove "Ryssen, Ruben" Rübsamen	Forward, aktiv 1977-1985, matcher 212
455	Owe "Fiskar-Owe" Ohlsson	Forward, aktiv 1964-1976, matcher 212
62	Pa-Modou Kah	Mittfältare, aktiv 2003-2004, matcher 42
747	Pablo Monsalvo	Mittfältare, aktiv 2007-2008, matcher 8
1173	Panajotis Dimitriadis	Mittfältare, aktiv 2014-2021, matcher 88
495	Paolo Bruschi	Back, aktiv 1969-1971, matcher 49
633	Pär "Mille" Millqvist	Högerback, aktiv 1996-2003, matcher 86
188	Pascal "Pagge" Simpson	Forward, aktiv 1991-1998, matcher 201
660	Patric "Långås" Andersson	Forward, aktiv 2001-2002, matcher 63
629	Patrick Englund	Innerback, aktiv 1995-2004, matcher 93
1182	Patrick Kpozo	Back, aktiv 2015-2017, matcher 30
798	Patrik "Putte" Bojent	Vänsterback, aktiv 2007-2009, matcher 70
1174	Patrik Carlgren	Målvakt, aktiv 2013-2017, matcher 109
635	Patrik "Putte" Fredholm	Forward, aktiv 1983-1998, matcher 61
41	Patrik Grönvall	Back, aktiv 2002-2005, matcher 7
624	Patrik "Larry" Hagman	Yttermittfältare, aktiv 1994-1994, matcher 12
1322	Paulos Abraham	Forward, aktiv 2020-2021, matcher 30
607	Per "Harry" Harrysson	Forward, aktiv 1990-1991, matcher 33
4	Per "Pertan" Karlsson	Back, aktiv 1998-2022, matcher 531
217	Per "Pära, Napoleon" Kaufeldt	Center, aktiv 1918-1955, matcher 203
61	Per "Pelle" Nilsson	Mittback, aktiv 2001-2004, matcher 86
682	Per "Pelle" Nilsson	Forward, aktiv 1981-1984, matcher 26
630	Per "Pelle" Olsson	Forward, aktiv 1995-1995, matcher 3
608	Peter "Peppe" Hallström	Yttermittfältare, aktiv 1984-1992, matcher 42
197	Peter Larsson	Innerback, aktiv 1991-2002, matcher 72
38	Pierre Bengtsson	Mittfältare, aktiv 2004-2009, matcher 92
621	Pierre Gallo	Vänster mittfältare, aktiv 1989-1997, matcher 94
806	Pontus Engblom	Forward, aktiv 2009-2012, matcher 63
654	Pontus Kåmark	Back, aktiv 1999-2000, matcher 24
361	Ragnar "Ragge" Blom	Högerback, aktiv 1946-1947, matcher 3
1213	Rasmus Lindkvist	Back, aktiv 2018-2020, matcher 98
1203	Rickson Mansiamina	Mittfältare, aktiv 2011-2018, matcher 16
18	Robert "RÅP, Robban" Åhman Persson	Mittfältare, aktiv 2003-2013, matcher 138
20	Robert Johansson	Vänsterback, aktiv 2006-2006, matcher 8
1221	Robert Taylor	, aktiv 2017-2018, matcher 10
599	Robert "Verro" Veronese	Höger mittfältare, aktiv 1975-1989, matcher 15
1212	Robin Jansson	Back, aktiv 2018-2019, matcher 35
1000	Robin Quaison	Mittfältare, aktiv 2000-2014, matcher 85
1307	Robin Tihi	Mittfältare, aktiv 2020-2020, matcher 52
589	Roger "Sudden" Sundin	Forward, aktiv 1985-1986, matcher 33
453	Roland Grip	Vänsterytter, aktiv 1964-1970, matcher 144
385	Roland Lönn	Vänsterytter, aktiv 1950-1951, matcher 4
448	Rolf "Linus" Lindgren	Vänsterytter, aktiv 1963-1963, matcher 4
180	Rolf "Roffe Zäta" Zetterlund	Mittfältare, aktiv 1972-1986, matcher 149
1517	Ruben "Massa" Gelbord	, aktiv ? - ?, matcher 
1463	Rui Modesto	Back, aktiv 2022- ?, matcher 23
219	Rune Bergström	Högerytter, aktiv 1914-1926, matcher 108
378	Rune "Punne" Carlsson	Högerytter, aktiv 1949-1953, matcher 16
372	Rune Larsson	Högerinner, aktiv 1948-1952, matcher 44
771	Saihou "CH" Jagne	Forward, aktiv 2007-2010, matcher 74
1245	Saku Ylätupa	Mittfältare, aktiv 2019-2022, matcher 54
1098	Sam Lundholm	Mittfältare, aktiv 2012-2015, matcher 65
84	Samuel Ayorinde	Forward, aktiv 2002-2003, matcher 21
1229	Samuel Brolin	Målvakt, aktiv 2015-2018, matcher 3
1317	Samuel Dahl	Back, aktiv 2020-2022, matcher 7
204	Sanny Åslund	Forward, aktiv 1973-2004, matcher 138
1187	Sauli Väisänen	, aktiv 2014-2017, matcher 68
911	Sebastián Eguren	Mittfältare, aktiv 2010-2010, matcher 9
1207	Sebastian Larsson	Mittfältare, aktiv 2018-2022, matcher 178
659	Sharbel Touma	Forward, aktiv 2000-2001, matcher 43
1224	Simon Thern	Mittfältare, aktiv 2017-2017, matcher 22
792	Sotirios "Sotte" Papagiannopoulos	Back, aktiv 1999-2011, matcher 120
564	Staffan "Isak" Isaksson	Mittfältare, aktiv 1979-1981, matcher 35
63	Stefan "Ishi" Ishizaki	Mittfältare, aktiv 1999-2017, matcher 239
616	Stefan Jonsson	Mittfältare, aktiv 1991-1992, matcher 1
545	Stefan Lundin	Högerytter, aktiv 1976-1976, matcher 17
1215	Stefan Silva	Forward, aktiv 2018-2021, matcher 61
235	Sten Mellgren	Högerback, aktiv 1924-1926, matcher 4
626	Stephan "Storken" Johansson	Forward, aktiv 1991-1996, matcher 8
327	Stig "Stickan" Östberg	Högerytter, aktiv 1942-1950, matcher 80
1351	Stipe Vrdoljak	Vänsterback, aktiv 2017-2017, matcher 6
1246	Sulejman Krpić	Forward, aktiv 2017-2017, matcher 6
360	Sune "Mona-Lisa" Andersson	Högerhalv, aktiv 1946-1950, matcher 92
309	Svante Granlund	Högerytter, aktiv 1939-1951, matcher 25
90	Svante Samuelsson	Mittfältare, aktiv 2002-2003, matcher 50
255	Sven "Svenne, Vrålis" Andersson	Högerback, aktiv 1928-1941, matcher 251
757	Sven "Svenne Berka" Bergqvist	, aktiv 1936-1936, matcher 2
543	Sven "Dala" Dahlkvist	Innerback, aktiv 1974-1987, matcher 356
399	Sven-Erik Westerberg	Vänsterinner, aktiv 1952-1955, matcher 34
218	Sven "Linkan" Lindqvist	Högerhalv, aktiv 1920-1931, matcher 155
386	Sven "Sventa, Ekerö-Olle, Svenne" Olsson	Vänsterinner, aktiv 1948-1952, matcher 2
287	Sven "Tomten" Söderström	, aktiv ? - ?, matcher 60
262	Tage Wissnell	Högerback, aktiv 1930-1933, matcher 10
1439	Taha Ayari	Mittfältare, aktiv 2012-2022, matcher 27
1211	Tarik Elyounoussi	Mittfältare, aktiv 2018-2020, matcher 79
187	Teddy Lučić	Back, aktiv 2000-2002, matcher 88
974	Theodor "Todde" Malm	Back, aktiv 1904-1921, matcher 96
194	Thomas Andersson	Forward, aktiv 1984-1987, matcher 82
575	Thomas Bergman	Mittfältare, aktiv 1982-1988, matcher 192
596	Thomas "Boda" Bodström	Högerback, aktiv 1987-1989, matcher 52
576	Thomas Johansson	Forward, aktiv 1981-1989, matcher 147
610	Thomas "Tolle" Lagerlöf	Mittfältare, aktiv 1985-2008, matcher 288
588	Thomas Lundmark	Mittfältare, aktiv 1985-1988, matcher 114
1293	Tom Strannegård	Mittfältare, aktiv 2019-2023, matcher 55
811	Tomi Maanoja	Målvakt, aktiv 2008-2011, matcher 35
186	Tommy Lundh	Forward, aktiv 1973-1976, matcher 76
185	Torbjörn "Tobbe" Ek	Center, aktiv 1971-1973, matcher 64
457	Tord Grip	Mittfältare, aktiv 1966-1968, matcher 87
251	Torsten "Ala" Arnberg	Högerback, aktiv 1928-1928, matcher 8
856	Ulf Schramm	Lagledare, aktiv 1974-1974, matcher 
598	Urban "Ubbe" Hammar	Vänster mittfältare, aktiv 1987-1987, matcher 1
276	Valter "Valle" Sköld	Back, aktiv 1933-1942, matcher 186
1431	Victor Andersson	Mittfältare, aktiv 2021-2022, matcher 13
1477	Viktor Fischer	Vänsterytter, aktiv 2023- ?, matcher 13
777	Viktor Lundberg	, aktiv 2009-2013, matcher 149
1460	Vincent Thill	Mittfältare, aktiv 2022- ?, matcher 29
661	Vyacheslav "Slavik" Jevtushenko	Mittfältare, aktiv 1989-2003, matcher 37
770	Walid Atta	Mittback, aktiv 2007-2010, matcher 69
247	Wilhelm "Mulle" Petersén	Centerhalv, aktiv 1924-1939, matcher 84
231	Wilhelm "Ville" van der Haagen	Målvakt, aktiv 1925-1926, matcher 8
9	Wilton Figueiredo	Forward, aktiv 2005-2007, matcher 73
1327	Yasin Ayari	Mittfältare, aktiv 2020-2023, matcher 69
184	Yngve Leback	Forward, aktiv 1971-1978, matcher 231
799	Yussuf Saleh	Yttermittfältare, aktiv 2008-2012, matcher 43
1425	Zachary "Zack" Elbouzedi	Mittfältare, aktiv 2021- ?, matcher 70