id,name,desc,type,url,wikidata
abdoulie-tamba,Abdoulie Tamba,"Swedish association football player, played seasons 2025, 5 matches, 0 goals",Q5,https://snokadb.se/spelare/abdoulie-tamba,
alexander-fransson,Alexander Fransson,"Swedish association football player, played seasons 2013 och 7 säsonger, 201 matches, 17 goals",Q5,https://snokadb.se/spelare/alexander-fransson,
anton-eriksson,Anton Eriksson,"Swedish association football player, played seasons 2022, 2023, 2024, 2025, 79 matches, 0 goals",Q5,https://snokadb.se/spelare/anton-eriksson,
axel-bronner,Axel Brönner,"Swedish association football player, played seasons 2025, 16 matches, 0 goals",Q5,https://snokadb.se/spelare/axel-bronner,
christoffer-nyman,Christoffer Nyman,"Swedish association football player, played seasons 2010 och 13 säsonger, 329 matches, 112 goals",Q5,https://snokadb.se/spelare/christoffer-nyman,
david-mitov-nilsson,David Mitov Nilsson,"Swedish association football player, played seasons 2009 och 7 säsonger, 136 matches, 0 goals",Q5,https://snokadb.se/spelare/david-mitov-nilsson,
filip-dagerstal,Filip Dagerstål,"Swedish association football player, played seasons 2014 och 7 säsonger, 143 matches, 6 goals",Q5,https://snokadb.se/spelare/filip-dagerstal,
isak-andri-sigurgeirsson,Isak Andri Sigurgeirsson,"Swedish association football player, played seasons 2023, 2024, 2025, 60 matches, 10 goals",Q5,https://snokadb.se/spelare/isak-andri-sigurgeirsson,
moutaz-neffati,Moutaz Neffati,"Swedish association football player, played seasons 2023, 2024, 2025, 45 matches, 2 goals",Q5,https://snokadb.se/spelare/moutaz-neffati,
noel-sernelius,Noel Sernelius,"Swedish association football player, played seasons 2023, 2024, 3 matches, 0 goals",Q5,https://snokadb.se/spelare/noel-sernelius,
stephan-bolma,Stephan Bolma,"Swedish association football player, played seasons 2023, 2024, 5 matches, 0 goals",Q5,https://snokadb.se/spelare/stephan-bolma,
theo-krantz,Theo Krantz,"Swedish association football player, played seasons 2025, 1 matches, 0 goals",Q5,https://snokadb.se/spelare/theo-krantz,
tim-prica,Tim Prica,"Swedish association football player, played seasons 2024, 2025, 52 matches, 6 goals",Q5,https://snokadb.se/spelare/tim-prica,
ture-sandberg,Ture Sandberg,"Swedish association football player, played seasons 2023, 2024, 15 matches, 1 goals",Q5,https://snokadb.se/spelare/ture-sandberg,
ake-andersson,Åke Andersson,"Swedish association football player, played seasons 2024, 2025, 19 matches, 0 goals",Q5,https://snokadb.se/spelare/ake-andersson,
abbas-hassan,Abbas Hassan,"Swedish association football player, played seasons 2010, 2011, 2012, 32 matches, 0 goals",Q5,https://snokadb.se/spelare/abbas-hassan,
abderahman-kabous,Abderahman Kabous,"Swedish association football player, played seasons 2005, 18 matches, 1 goals",Q5,https://snokadb.se/spelare/abderahman-kabous,
abdulrazaq-ishaq,Abdulrazaq Ishaq,"Swedish association football player, played seasons 2020, 2021, 2022, 54 matches, 2 goals",Q5,https://snokadb.se/spelare/abdulrazaq-ishaq,
adin-bukva,Adin Bukva,"Swedish association football player, played seasons 2016, 3 matches, 0 goals",Q5,https://snokadb.se/spelare/adin-bukva,
alexander-jakobsen,Alexander Jakobsen,"Swedish association football player, played seasons 2017, 2018, 2019, 42 matches, 3 goals",Q5,https://snokadb.se/spelare/alexander-jakobsen,
alexander-petras,Alexander Petras,"Swedish association football player, played seasons 2001, 2002, 16 matches, 1 goals",Q5,https://snokadb.se/spelare/alexander-petras,
alexander-radesjo,Alexander Radesjö,"Swedish association football player, played seasons 2005, 1 matches, 0 goals",Q5,https://snokadb.se/spelare/alexander-radesjo,
alexander-ostlund,Alexander Östlund,"Swedish association football player, played seasons 1999, 2000, 2001, 2002, 78 matches, 3 goals",Q5,https://snokadb.se/spelare/alexander-ostlund,
alfons-sampsted,Alfons Sampsted,"Swedish association football player, played seasons 2017, 2 matches, 0 goals",Q5,https://snokadb.se/spelare/alfons-sampsted,
algot-wulff,Algot Wulff,"Swedish association football player, played seasons 1930/31, 18 matches, 0 goals",Q5,https://snokadb.se/spelare/algot-wulff,
alhaji-kamara,Alhaji Kamara,"Swedish association football player, played seasons 2014, 2015, 40 matches, 16 goals",Q5,https://snokadb.se/spelare/alhaji-kamara,
allan-hasselmark,Allan Hasselmark,"Swedish association football player, played seasons 1924/25, 1925/26, 1926/27, 1927/28, 80 matches, 6 goals",Q5,https://snokadb.se/spelare/allan-hasselmark,
allan-johansson,Allan Johansson,"Swedish association football player, played seasons 1925/26 och 7 säsonger, 84 matches, 4 goals",Q5,https://snokadb.se/spelare/allan-johansson,
allan-pettersson,Allan Pettersson,"Swedish association football player, played seasons 1937/38, 5 matches, 1 goals",Q5,https://snokadb.se/spelare/allan-pettersson,
amadeus-sogaard,Amadeus Sögaard,"Swedish association football player, played seasons 2024, 2025, 34 matches, 0 goals",Q5,https://snokadb.se/spelare/amadeus-sogaard,
anders-whass,Anders Whass,"Swedish association football player, played seasons 2004 och 7 säsonger, 187 matches, 5 goals",Q5,https://snokadb.se/spelare/anders-whass,
anders-wikstrom,Anders Wikström,"Swedish association football player, played seasons 2011, 28 matches, 1 goals",Q5,https://snokadb.se/spelare/anders-wikstrom,
andreas-alm,Andreas Alm,"Swedish association football player, played seasons 2003, 2004, 2005, 60 matches, 26 goals",Q5,https://snokadb.se/spelare/andreas-alm,
andreas-blomqvist,Andreas Blomqvist,"Swedish association football player, played seasons 2016 och 4 säsonger, 55 matches, 4 goals",Q5,https://snokadb.se/spelare/andreas-blomqvist,
andreas-dahlen,Andreas Dahlén,"Swedish association football player, played seasons 2004, 2005, 33 matches, 0 goals",Q5,https://snokadb.se/spelare/andreas-dahlen,
andreas-hadenius,Andreas Hadenius,"Swedish association football player, played seasons 2014, 2015, 2016, 2017, 47 matches, 1 goals",Q5,https://snokadb.se/spelare/andreas-hadenius,
andreas-haglund,Andreas Haglund,"Swedish association football player, played seasons 2007, 2008, 2009, 31 matches, 0 goals",Q5,https://snokadb.se/spelare/andreas-haglund,
andreas-johansson,Andreas Johansson,"Swedish association football player, played seasons 2012 och 6 säsonger, 205 matches, 10 goals",Q5,https://snokadb.se/spelare/andreas-johansson,
andreas-lindberg,Andreas Lindberg,"Swedish association football player, played seasons 2003 och 5 säsonger, 84 matches, 0 goals",Q5,https://snokadb.se/spelare/andreas-lindberg,
andreas-thomas,Andreas Thomas,"Swedish association football player, played seasons 1998, 1999, 17 matches, 1 goals",Q5,https://snokadb.se/spelare/andreas-thomas,
andreas-vaikla,Andreas Vaikla,"Swedish association football player, played seasons 2016, 13 matches, 0 goals",Q5,https://snokadb.se/spelare/andreas-vaikla,
andri-lucas-gudjohnsen,Andri Lucas Gudjohnsen,"Swedish association football player, played seasons 2022, 2023, 29 matches, 1 goals",Q5,https://snokadb.se/spelare/andri-lucas-gudjohnsen,
antti-sumiala,Antti Sumiala,"Swedish association football player, played seasons 2002, 2003, 33 matches, 20 goals",Q5,https://snokadb.se/spelare/antti-sumiala,
ari-freyr-skulason,Ari Freyr Skúlason,"Swedish association football player, played seasons 2021, 2022, 2023, 64 matches, 2 goals",Q5,https://snokadb.se/spelare/ari-freyr-skulason,
armando-ibrakovic,Armando Ibrakovic,"Swedish association football player, played seasons 2008, 2009, 23 matches, 1 goals",Q5,https://snokadb.se/spelare/armando-ibrakovic,
armin-tankovic,Armin Tankovic,"Swedish association football player, played seasons 2009, 2010, 2011, 2012, 50 matches, 4 goals",Q5,https://snokadb.se/spelare/armin-tankovic,
arne-andersson,Arne Andersson,"Swedish association football player, played seasons 1933/34, 1937/38, 3 matches, 0 goals",Q5,https://snokadb.se/spelare/arne-andersson,
arne-eriksson,Arne Eriksson,"Swedish association football player, played seasons 1935/36, 1 matches, 1 goals",Q5,https://snokadb.se/spelare/arne-eriksson,
arne-rehnberg,Arne Rehnberg,"Swedish association football player, played seasons 1969, 7 matches, 0 goals",Q5,https://snokadb.se/spelare/arne-rehnberg,
arne-tornqvist,Arne Törnqvist,"Swedish association football player, played seasons 1931/32, 1932/33, 1935/36, 3 matches, 0 goals",Q5,https://snokadb.se/spelare/arne-tornqvist,
arnor-sigurdsson,Arnor Sigurdsson,"Swedish association football player, played seasons 2017, 2018, 2022, 2023, 46 matches, 14 goals",Q5,https://snokadb.se/spelare/arnor-sigurdsson,
arnor-traustason,Arnor Traustason,"Swedish association football player, played seasons 2014 och 6 säsonger, 151 matches, 35 goals",Q5,https://snokadb.se/spelare/arnor-traustason,
arthur-astrand,Arthur Åstrand,"Swedish association football player, played seasons 1924/25, 1925/26, 1928/29, 1929/30, 41 matches, 1 goals",Q5,https://snokadb.se/spelare/arthur-astrand,
astrit-ajdarevic,Astrit Ajdarevic,"Swedish association football player, played seasons 2011, 2012, 40 matches, 6 goals",Q5,https://snokadb.se/spelare/astrit-ajdarevic,
axel-jansson,Axel Jansson,"Swedish association football player, played seasons 1924/25 och 5 säsonger, 44 matches, 10 goals",Q5,https://snokadb.se/spelare/axel-jansson,
axel-pressfeldt,Axel Pressfeldt,"Swedish association football player, played seasons 1934/35, 9 matches, 2 goals",Q5,https://snokadb.se/spelare/axel-pressfeldt,
axel-ramstedt,Axel Ramstedt,"Swedish association football player, played seasons 1931/32, 1 matches, 0 goals",Q5,https://snokadb.se/spelare/axel-ramstedt,
aziz-tafer,Aziz Tafer,"Swedish association football player, played seasons 2005, 4 matches, 1 goals",Q5,https://snokadb.se/spelare/aziz-tafer,
balazs-raboczki,Balázs Rabóczkí,"Swedish association football player, played seasons 2002, 26 matches, 0 goals",Q5,https://snokadb.se/spelare/balazs-raboczki,
bengt-carlson,Bengt Carlson,"Swedish association football player, played seasons 1947/48, 2 matches, 0 goals",Q5,https://snokadb.se/spelare/bengt-carlson,
bengt-carlsson,Bengt Carlsson,"Swedish association football player, played seasons 1924/25 och 4 säsonger, 63 matches, 12 goals",Q5,https://snokadb.se/spelare/bengt-carlsson,
bengt-flisberg,Bengt Flisberg,"Swedish association football player, played seasons 1931/32 och 4 säsonger, 87 matches, 56 goals",Q5,https://snokadb.se/spelare/bengt-flisberg,
bengt-gustavsson,Bengt Gustavsson,"Swedish association football player, played seasons 1947/48 och 8 säsonger, 147 matches, 17 goals",Q5,https://snokadb.se/spelare/bengt-gustavsson,
bengt-lindstrom,Bengt Lindström,"Swedish association football player, played seasons 1966 och 7 säsonger, 143 matches, 0 goals",Q5,https://snokadb.se/spelare/bengt-lindstrom,
bengt-nilsson,Bengt Nilsson,"Swedish association football player, played seasons 1950/51, 1 matches, 0 goals",Q5,https://snokadb.se/spelare/bengt-nilsson,
bengt-nyholm,Bengt Nyholm,"Swedish association football player, played seasons 1948/49 och 14 säsonger, 295 matches, 0 goals",Q5,https://snokadb.se/spelare/bengt-nyholm,
bengt-rosen,Bengt Rosén,"Swedish association football player, played seasons 1952/53, 1953/54, 15 matches, 2 goals",Q5,https://snokadb.se/spelare/bengt-rosen,
bennard-yao-kumordzi,Bennard Yao Kumordzi,"Swedish association football player, played seasons 2005, 2006, 9 matches, 2 goals",Q5,https://snokadb.se/spelare/bennard-yao-kumordzi,
benny-wendt,Benny Wendt,"Swedish association football player, played seasons 1969 och 6 säsonger, 124 matches, 51 goals",Q5,https://snokadb.se/spelare/benny-wendt,
bert-ottar-blom,Bert Ottar Blom,"Swedish association football player, played seasons 1959, 1967, 1968, 1969, 25 matches, 0 goals",Q5,https://snokadb.se/spelare/bert-ottar-blom,
bert-olof-haglund,Bert-Olof Haglund,"Swedish association football player, played seasons 1964, 1965, 1967, 9 matches, 1 goals",Q5,https://snokadb.se/spelare/bert-olof-haglund,
bertil-andersson,Bertil Andersson,"Swedish association football player, played seasons 1929/30 och 8 säsonger, 134 matches, 40 goals",Q5,https://snokadb.se/spelare/bertil-andersson,
bertil-remnegard,Bertil Remnegård,"Swedish association football player, played seasons 1949/50, 1950/51, 21 matches, 6 goals",Q5,https://snokadb.se/spelare/bertil-remnegard,
bill-bjorklund,Bill Björklund,"Swedish association football player, played seasons 1961 och 7 säsonger, 148 matches, 24 goals",Q5,https://snokadb.se/spelare/bill-bjorklund,
birger-lonn,Birger Lönn,"Swedish association football player, played seasons 1962, 1963, 1964, 8 matches, 0 goals",Q5,https://snokadb.se/spelare/birger-lonn,
birger-rosengren,Birger Rosengren,"Swedish association football player, played seasons 1935/36 och 14 säsonger, 265 matches, 13 goals",Q5,https://snokadb.se/spelare/birger-rosengren,
birkir-kristinsson,Birkir Kristinsson,"Swedish association football player, played seasons 1998, 3 matches, 0 goals",Q5,https://snokadb.se/spelare/birkir-kristinsson,
bjorn-franzen,Björn Franzén,"Swedish association football player, played seasons 1968, 1969, 14 matches, 0 goals",Q5,https://snokadb.se/spelare/bjorn-franzen,
bjorn-nordqvist,Björn Nordqvist,"Swedish association football player, played seasons 1961 och 11 säsonger, 245 matches, 7 goals",Q5,https://snokadb.se/spelare/bjorn-nordqvist,
bo-la-fleur,Bo la Fleur,"Swedish association football player, played seasons 1965 och 5 säsonger, 76 matches, 1 goals",Q5,https://snokadb.se/spelare/bo-la-fleur,
bo-lagerlund,Bo Lagerlund,"Swedish association football player, played seasons 1962, 1963, 1964, 1965, 49 matches, 3 goals",Q5,https://snokadb.se/spelare/bo-lagerlund,
bo-larsson,Bo Larsson,"Swedish association football player, played seasons 1976, 1977, 1979, 1980, 23 matches, 0 goals",Q5,https://snokadb.se/spelare/bo-larsson,
bo-nilsson,Bo Nilsson,"Swedish association football player, played seasons 1970, 1971, 16 matches, 0 goals",Q5,https://snokadb.se/spelare/bo-nilsson,
bo-nilsson-nilmert,Bo Nilsson - Nilmert,"Swedish association football player, played seasons 1967, 3 matches, 0 goals",Q5,https://snokadb.se/spelare/bo-nilsson-nilmert,
bo-ramsten,Bo Ramsten,"Swedish association football player, played seasons 1930/31, 1932/33, 7 matches, 4 goals",Q5,https://snokadb.se/spelare/bo-ramsten,
bo-stenqvist,Bo Stenqvist,"Swedish association football player, played seasons 1972, 1973, 1974, 1975, 28 matches, 3 goals",Q5,https://snokadb.se/spelare/bo-stenqvist,
bobbie-friberg-da-cruz,Bobbie Friberg da Cruz,"Swedish association football player, played seasons 2011, 2012, 2013, 55 matches, 4 goals",Q5,https://snokadb.se/spelare/bobbie-friberg-da-cruz,
brian-mcdermott,Brian McDermott,"Swedish association football player, played seasons 1984, 17 matches, 5 goals",Q5,https://snokadb.se/spelare/brian-mcdermott,
bror-norrman,Bror Norrman,"Swedish association football player, played seasons 1929/30, 3 matches, 1 goals",Q5,https://snokadb.se/spelare/bror-norrman,
bruno-carlberg,Bruno Carlberg,"Swedish association football player, played seasons 1924/25, 1925/26, 25 matches, 0 goals",Q5,https://snokadb.se/spelare/bruno-carlberg,
bruno-santos,Bruno Santos,"Swedish association football player, played seasons 2004 och 5 säsonger, 92 matches, 40 goals",Q5,https://snokadb.se/spelare/bruno-santos,
brynolf-ekelin,Brynolf Ekelin,"Swedish association football player, played seasons 1924/25, 1925/26, 1926/27, 1927/28, 45 matches, 38 goals",Q5,https://snokadb.se/spelare/brynolf-ekelin,
caio-mendes,Caio Mendes,"Swedish association football player, played seasons 2010, 2011, 16 matches, 0 goals",Q5,https://snokadb.se/spelare/caio-mendes,
carl-bjork,Carl Björk,"Swedish association football player, played seasons 2020, 2021, 2023, 2024, 65 matches, 9 goals",Q5,https://snokadb.se/spelare/carl-bjork,
carl-erik-lindestrom,Carl-Erik Lindeström,"Swedish association football player, played seasons 1924/25, 1 matches, 0 goals",Q5,https://snokadb.se/spelare/carl-erik-lindestrom,
carl-evert-westerlund,Carl-Evert Westerlund,"Swedish association football player, played seasons 1934/35 och 5 säsonger, 83 matches, 0 goals",Q5,https://snokadb.se/spelare/carl-evert-westerlund,
christer-eriksson,Christer Eriksson,"Swedish association football player, played seasons 1986, 1987, 1988, 15 matches, 0 goals",Q5,https://snokadb.se/spelare/christer-eriksson,
christer-hult,Christer Hult,"Swedish association football player, played seasons 1964 och 11 säsonger, 190 matches, 11 goals",Q5,https://snokadb.se/spelare/christer-hult,
christer-olsson,Christer Olsson,"Swedish association football player, played seasons 1964, 1 matches, 0 goals",Q5,https://snokadb.se/spelare/christer-olsson,
christer-sjolund,Christer Sjölund,"Swedish association football player, played seasons 1967, 8 matches, 3 goals",Q5,https://snokadb.se/spelare/christer-sjolund,
christopher-josue-meneses-barrantes,Christopher Josue Meneses Barrantes,"Swedish association football player, played seasons 2013, 2014, 32 matches, 2 goals",Q5,https://snokadb.se/spelare/christopher-josue-meneses-barrantes,
christopher-telo,Christopher Telo,"Swedish association football player, played seasons 2007 och 14 säsonger, 251 matches, 21 goals",Q5,https://snokadb.se/spelare/christopher-telo,
curt-bernsten,Curt Bernsten,"Swedish association football player, played seasons 1976 och 4 säsonger, 92 matches, 10 goals",Q5,https://snokadb.se/spelare/curt-bernsten,
curt-lovgren,Curt Lövgren,"Swedish association football player, played seasons 1956/57, 1957/58, 1959, 1960, 19 matches, 0 goals",Q5,https://snokadb.se/spelare/curt-lovgren,
curt-spogardh,Curt Spogardh,"Swedish association football player, played seasons 1948/49, 4 matches, 0 goals",Q5,https://snokadb.se/spelare/curt-spogardh,
dago-funes,Dago Funes,"Swedish association football player, played seasons 2004, 2005, 47 matches, 9 goals",Q5,https://snokadb.se/spelare/dago-funes,
dan-larsson,Dan Larsson,"Swedish association football player, played seasons 1984, 1985, 25 matches, 0 goals",Q5,https://snokadb.se/spelare/dan-larsson,
dan-svensson,Dan Svensson,"Swedish association football player, played seasons 1984, 1 matches, 0 goals",Q5,https://snokadb.se/spelare/dan-svensson,
dani-hamzo,Dani Hamzo,"Swedish association football player, played seasons 1995, 1 matches, 0 goals",Q5,https://snokadb.se/spelare/dani-hamzo,
daniel-bamberg,Daniel Bamberg,"Swedish association football player, played seasons 2006 och 4 säsonger, 116 matches, 25 goals",Q5,https://snokadb.se/spelare/daniel-bamberg,
daniel-fredriksson,Daniel Fredriksson,"Swedish association football player, played seasons 2005, 3 matches, 0 goals",Q5,https://snokadb.se/spelare/daniel-fredriksson,
daniel-fritz-eid,Daniel Fritz Eid,"Swedish association football player, played seasons 2022, 2023, 2024, 67 matches, 1 goals",Q5,https://snokadb.se/spelare/daniel-fritz-eid,
daniel-sjolund,Daniel Sjölund,"Swedish association football player, played seasons 2015, 2016, 2017, 2018, 88 matches, 6 goals",Q5,https://snokadb.se/spelare/daniel-sjolund,
darko-mavrak,Darko Mavrak,"Swedish association football player, played seasons 1996, 1997, 27 matches, 1 goals",Q5,https://snokadb.se/spelare/darko-mavrak,
darrell-kamdem-tibell,Darrell Kamdem Tibell,"Swedish association football player, played seasons 2022, 3 matches, 0 goals",Q5,https://snokadb.se/spelare/darrell-kamdem-tibell,
david-adolfsson,David Adolfsson,"Swedish association football player, played seasons 1927/28 och 6 säsonger, 133 matches, 10 goals",Q5,https://snokadb.se/spelare/david-adolfsson,
david-andersson,David Andersson,"Swedish association football player, played seasons 2025, 30 matches, 0 goals",Q5,https://snokadb.se/spelare/david-andersson,
david-boo-wiklander,David Boo Wiklander,"Swedish association football player, played seasons 2010 och 5 säsonger, 139 matches, 1 goals",Q5,https://snokadb.se/spelare/david-boo-wiklander,
david-moberg-karlsson,David Moberg Karlsson,"Swedish association football player, played seasons 2016 och 4 säsonger, 105 matches, 25 goals",Q5,https://snokadb.se/spelare/david-moberg-karlsson,
david-nordbeck,David Nordbeck,"Swedish association football player, played seasons 2006, 2007, 2008, 42 matches, 2 goals",Q5,https://snokadb.se/spelare/david-nordbeck,
dawid-banaczek,Dawid Banaczek,"Swedish association football player, played seasons 2001, 2002, 2003, 33 matches, 4 goals",Q5,https://snokadb.se/spelare/dawid-banaczek,
dick-last,Dick Last,"Swedish association football player, played seasons 1996, 1997, 49 matches, 0 goals",Q5,https://snokadb.se/spelare/dick-last,
didace-burubwa,Didace Burubwa,"Swedish association football player, played seasons 2023, 1 matches, 0 goals",Q5,https://snokadb.se/spelare/didace-burubwa,
dime-jankulovski,Dime Jankulovski,"Swedish association football player, played seasons 2003, 13 matches, 0 goals",Q5,https://snokadb.se/spelare/dime-jankulovski,
dino-salihovic,Dino Salihovic,"Swedish association football player, played seasons 2021, 2022, 2024, 41 matches, 0 goals",Q5,https://snokadb.se/spelare/dino-salihovic,
diogo-oliveira,Diogo Oliveira,"Swedish association football player, played seasons 2006, 8 matches, 0 goals",Q5,https://snokadb.se/spelare/diogo-oliveira,
djordje-mrdjanin,Djordje Mrdjanin,"Swedish association football player, played seasons 2008, 2009, 15 matches, 1 goals",Q5,https://snokadb.se/spelare/djordje-mrdjanin,
donny-sundell,Donny Sundell,"Swedish association football player, played seasons 1994, 1995, 3 matches, 0 goals",Q5,https://snokadb.se/spelare/donny-sundell,
eddie-gustafsson,Eddie Gustafsson,"Swedish association football player, played seasons 1995 och 5 säsonger, 87 matches, 0 goals",Q5,https://snokadb.se/spelare/eddie-gustafsson,
edvard-skagestad,Edvard Skagestad,"Swedish association football player, played seasons 2014, 18 matches, 2 goals",Q5,https://snokadb.se/spelare/edvard-skagestad,
edvin-johansson,Edvin Johansson,"Swedish association football player, played seasons 1924/25, 1927/28, 1928/29, 1929/30, 47 matches, 5 goals",Q5,https://snokadb.se/spelare/edvin-johansson,
edvin-tellgren,Edvin Tellgren,"Swedish association football player, played seasons 2021, 1 matches, 0 goals",Q5,https://snokadb.se/spelare/edvin-tellgren,
egzon-binaku,Egzon Binaku,"Swedish association football player, played seasons 2019, 2020, 2021, 2022, 26 matches, 0 goals",Q5,https://snokadb.se/spelare/egzon-binaku,
einar-karlsson,Einar Karlsson,"Swedish association football player, played seasons 1949/50, 1950/51, 1951/52, 1952/53, 58 matches, 6 goals",Q5,https://snokadb.se/spelare/einar-karlsson,
einar-steen,Einar Stéen,"Swedish association football player, played seasons 1940/41 och 8 säsonger, 182 matches, 0 goals",Q5,https://snokadb.se/spelare/einar-steen,
einar-wallsing,Einar Wallsing,"Swedish association football player, played seasons 1927/28, 2 matches, 0 goals",Q5,https://snokadb.se/spelare/einar-wallsing,
eine-fredriksson,Eine Fredriksson,"Swedish association football player, played seasons 1977 och 6 säsonger, 151 matches, 15 goals",Q5,https://snokadb.se/spelare/eine-fredriksson,
eirik-dybendal,Eirik Dybendal,"Swedish association football player, played seasons 2006 och 4 säsonger, 122 matches, 17 goals",Q5,https://snokadb.se/spelare/eirik-dybendal,
elis-hallberg,Elis Hallberg,"Swedish association football player, played seasons 1936/37, 1937/38, 2 matches, 0 goals",Q5,https://snokadb.se/spelare/elis-hallberg,
elof-pettersson,Elof Pettersson,"Swedish association football player, played seasons 1924/25, 1925/26, 1926/27, 31 matches, 2 goals",Q5,https://snokadb.se/spelare/elof-pettersson,
elon-lilden,Elon Lildén,"Swedish association football player, played seasons 1932/33, 1 matches, 0 goals",Q5,https://snokadb.se/spelare/elon-lilden,
elon-milden,Elon Mildén,"Swedish association football player, played seasons 1933/34, 1934/35, 13 matches, 0 goals",Q5,https://snokadb.se/spelare/elon-milden,
eman-markovic,Eman Markovic,"Swedish association football player, played seasons 2022, 15 matches, 1 goals",Q5,https://snokadb.se/spelare/eman-markovic,
emanuel-chabo,Emanuel Chabo,"Swedish association football player, played seasons 2021, 1 matches, 0 goals",Q5,https://snokadb.se/spelare/emanuel-chabo,
emil-roback,Emil Roback,"Swedish association football player, played seasons 2023, 4 matches, 0 goals",Q5,https://snokadb.se/spelare/emil-roback,
emir-kujovi,Emir Kujović,"Swedish association football player, played seasons 2013, 2014, 2015, 2016, 59 matches, 38 goals",Q5,https://snokadb.se/spelare/emir-kujovi,
eric-smith,Eric Smith,"Swedish association football player, played seasons 2016, 2017, 2018, 2020, 69 matches, 0 goals",Q5,https://snokadb.se/spelare/eric-smith,
erik-holmqvist,Erik Holmqvist,"Swedish association football player, played seasons 1939/40 och 11 säsonger, 229 matches, 70 goals",Q5,https://snokadb.se/spelare/erik-holmqvist,
erik-hoog,Erik Höög,"Swedish association football player, played seasons 1937/38, 2 matches, 0 goals",Q5,https://snokadb.se/spelare/erik-hoog,
erik-jansson,Erik Jansson,"Swedish association football player, played seasons 2010, 1 matches, 0 goals",Q5,https://snokadb.se/spelare/erik-jansson,
erik-karlsson,Erik Karlsson,"Swedish association football player, played seasons 1936/37, 2 matches, 0 goals",Q5,https://snokadb.se/spelare/erik-karlsson,
erik-norrby,Erik Norrby,"Swedish association football player, played seasons 1994, 1995, 26 matches, 0 goals",Q5,https://snokadb.se/spelare/erik-norrby,
evert-lager,Evert Lager,"Swedish association football player, played seasons 1926/27 och 9 säsonger, 134 matches, 98 goals",Q5,https://snokadb.se/spelare/evert-lager,
felix-magro,Felix Magro,"Swedish association football player, played seasons 2008, 24 matches, 2 goals",Q5,https://snokadb.se/spelare/felix-magro,
filip-apelstav,Filip Apelstav,"Swedish association football player, played seasons 1996 och 5 säsonger, 108 matches, 5 goals",Q5,https://snokadb.se/spelare/filip-apelstav,
fredrik-bild,Fredrik Bild,"Swedish association football player, played seasons 1999, 2000, 2001, 2002, 101 matches, 9 goals",Q5,https://snokadb.se/spelare/fredrik-bild,
fredrik-enerby,Fredrik Enerby,"Swedish association football player, played seasons 1994, 1 matches, 0 goals",Q5,https://snokadb.se/spelare/fredrik-enerby,
fritiof-hellichius,Fritiof Hellichius,"Swedish association football player, played seasons 2022, 2023, 7 matches, 0 goals",Q5,https://snokadb.se/spelare/fritiof-hellichius,
gardar-gunnlaugsson,Gardar Gunnlaugsson,"Swedish association football player, played seasons 2006, 2007, 2008, 49 matches, 29 goals",Q5,https://snokadb.se/spelare/gardar-gunnlaugsson,
gentrit-citaku,Gentrit Citaku,"Swedish association football player, played seasons 2013, 2015, 2016, 12 matches, 0 goals",Q5,https://snokadb.se/spelare/gentrit-citaku,
georg-ericson,Georg Ericson,"Swedish association football player, played seasons 1938/39 och 10 säsonger, 106 matches, 45 goals",Q5,https://snokadb.se/spelare/georg-ericson,
georg-hogvall,Georg Högvall,"Swedish association football player, played seasons 1924/25, 1925/26, 1926/27, 1927/28, 76 matches, 5 goals",Q5,https://snokadb.se/spelare/georg-hogvall,
george-parris,George Parris,"Swedish association football player, played seasons 1995, 4 matches, 0 goals",Q5,https://snokadb.se/spelare/george-parris,
georgios-karathanasis,Georgios Karathanasis,"Swedish association football player, played seasons 1990, 1991, 2002, 2003, 49 matches, 3 goals",Q5,https://snokadb.se/spelare/georgios-karathanasis,
gerhard-torstensson,Gerhard Torstensson,"Swedish association football player, played seasons 1976, 2 matches, 0 goals",Q5,https://snokadb.se/spelare/gerhard-torstensson,
gert-hellberg,Gert Hellberg,"Swedish association football player, played seasons 1971 och 7 säsonger, 179 matches, 12 goals",Q5,https://snokadb.se/spelare/gert-hellberg,
godswill-ekpolo,Godswill Ekpolo,"Swedish association football player, played seasons 2022, 28 matches, 0 goals",Q5,https://snokadb.se/spelare/godswill-ekpolo,
grant-igesund,Grant Igesund,"Swedish association football player, played seasons 2005, 2006, 14 matches, 3 goals",Q5,https://snokadb.se/spelare/grant-igesund,
gudmundur-mete,Gudmundur Mete,"Swedish association football player, played seasons 2003, 2004, 27 matches, 1 goals",Q5,https://snokadb.se/spelare/gudmundur-mete,
gudmundur-thorarinsson,Gudmundur Thórarinsson,"Swedish association football player, played seasons 2017, 2018, 2019, 84 matches, 4 goals",Q5,https://snokadb.se/spelare/gudmundur-thorarinsson,
gunnar-blomqvist,Gunnar Blomqvist,"Swedish association football player, played seasons 1937/38, 1938/39, 20 matches, 4 goals",Q5,https://snokadb.se/spelare/gunnar-blomqvist,
gunnar-goransson,Gunnar Göransson,"Swedish association football player, played seasons 1937/38, 9 matches, 0 goals",Q5,https://snokadb.se/spelare/gunnar-goransson,
gunnar-heidar-thorvaldsson,Gunnar Heidar Thorvaldsson,"Swedish association football player, played seasons 2011, 2012, 2013, 70 matches, 34 goals",Q5,https://snokadb.se/spelare/gunnar-heidar-thorvaldsson,
gunnar-karlsson,Gunnar Karlsson,"Swedish association football player, played seasons 1957/58, 6 matches, 1 goals",Q5,https://snokadb.se/spelare/gunnar-karlsson,
gunnar-moller,Gunnar Möller,"Swedish association football player, played seasons 1934/35, 9 matches, 0 goals",Q5,https://snokadb.se/spelare/gunnar-moller,
gunnar-nordahl,Gunnar Nordahl,"Swedish association football player, played seasons 1944/45 och 4 säsonger, 92 matches, 93 goals",Q5,https://snokadb.se/spelare/gunnar-nordahl,
gunnar-persson,Gunnar Persson,"Swedish association football player, played seasons 1929/30, 1 matches, 0 goals",Q5,https://snokadb.se/spelare/gunnar-persson,
gunnar-ragnar,Gunnar Ragnar,"Swedish association football player, played seasons 1925/26 och 10 säsonger, 189 matches, 1 goals",Q5,https://snokadb.se/spelare/gunnar-ragnar,
gunnar-stahl,Gunnar Ståhl,"Swedish association football player, played seasons 1925/26, 4 matches, 2 goals",Q5,https://snokadb.se/spelare/gunnar-stahl,
gunnar-thor-gunnarsson,Gunnar Thor Gunnarsson,"Swedish association football player, played seasons 2008, 2009, 2010, 43 matches, 1 goals",Q5,https://snokadb.se/spelare/gunnar-thor-gunnarsson,
gustav-abrahamsson,Gustav Abrahamsson,"Swedish association football player, played seasons 1928/29, 10 matches, 3 goals",Q5,https://snokadb.se/spelare/gustav-abrahamsson,
goran-bergort,Göran Bergort,"Swedish association football player, played seasons 1991 och 5 säsonger, 117 matches, 6 goals",Q5,https://snokadb.se/spelare/goran-bergort,
goran-e-karlsson,Göran E Karlsson,"Swedish association football player, played seasons 1980, 1981, 41 matches, 3 goals",Q5,https://snokadb.se/spelare/goran-e-karlsson,
goran-gustafsson,Göran Gustafsson,"Swedish association football player, played seasons 1950/51, 1 matches, 0 goals",Q5,https://snokadb.se/spelare/goran-gustafsson,
goran-holm,Göran Holm,"Swedish association football player, played seasons 1975, 1976, 2 matches, 0 goals",Q5,https://snokadb.se/spelare/goran-holm,
goran-holter,Göran Holter,"Swedish association football player, played seasons 1986 och 6 säsonger, 137 matches, 36 goals",Q5,https://snokadb.se/spelare/goran-holter,
goran-landberg,Göran Landberg,"Swedish association football player, played seasons 1949/50, 3 matches, 0 goals",Q5,https://snokadb.se/spelare/goran-landberg,
goran-linder,Göran Linder,"Swedish association football player, played seasons 1943/44, 1 matches, 0 goals",Q5,https://snokadb.se/spelare/goran-linder,
gosta-banan-andersson,"Gösta ""Banan"" Andersson","Swedish association football player, played seasons 1924/25 och 4 säsonger, 101 matches, 8 goals",Q5,https://snokadb.se/spelare/gosta-banan-andersson,
gosta-andersson,Gösta Andersson,"Swedish association football player, played seasons 1934/35, 1935/36, 1936/37, 1937/38, 27 matches, 10 goals",Q5,https://snokadb.se/spelare/gosta-andersson,
gosta-berglund,Gösta Berglund,"Swedish association football player, played seasons 1927/28 och 5 säsonger, 107 matches, 0 goals",Q5,https://snokadb.se/spelare/gosta-berglund,
gosta-lofgren,Gösta Löfgren,"Swedish association football player, played seasons 1960, 1961, 1962, 1963, 42 matches, 18 goals",Q5,https://snokadb.se/spelare/gosta-lofgren,
gosta-malm,Gösta Malm,"Swedish association football player, played seasons 1940/41 och 9 säsonger, 188 matches, 23 goals",Q5,https://snokadb.se/spelare/gosta-malm,
gosta-nordahl,Gösta Nordahl,"Swedish association football player, played seasons 1949/50 och 4 säsonger, 56 matches, 14 goals",Q5,https://snokadb.se/spelare/gosta-nordahl,
gosta-persson,Gösta Persson,"Swedish association football player, played seasons 1954/55 och 6 säsonger, 62 matches, 11 goals",Q5,https://snokadb.se/spelare/gosta-persson,
gosta-ragnar,Gösta Ragnar,"Swedish association football player, played seasons 1930/31, 2 matches, 0 goals",Q5,https://snokadb.se/spelare/gosta-ragnar,
gote-arnell,Göte Arnell,"Swedish association football player, played seasons 1947/48 och 8 säsonger, 132 matches, 4 goals",Q5,https://snokadb.se/spelare/gote-arnell,
gote-ortegren,Göte Örtegren,"Swedish association football player, played seasons 1939/40 och 4 säsonger, 26 matches, 20 goals",Q5,https://snokadb.se/spelare/gote-ortegren,
halvar-carlbom,Halvar Carlbom,"Swedish association football player, played seasons 1936/37 och 12 säsonger, 215 matches, 77 goals",Q5,https://snokadb.se/spelare/halvar-carlbom,
hamilton-thorp,Hamilton Thorp,"Swedish association football player, played seasons 2003, 13 matches, 1 goals",Q5,https://snokadb.se/spelare/hamilton-thorp,
hans-eriksson,Hans Eriksson,"Swedish association football player, played seasons 1986, 1 matches, 0 goals",Q5,https://snokadb.se/spelare/hans-eriksson,
hans-eskilsson,Hans Eskilsson,"Swedish association football player, played seasons 1985, 1986, 1987, 56 matches, 7 goals",Q5,https://snokadb.se/spelare/hans-eskilsson,
hans-holmertz,Hans Holmertz,"Swedish association football player, played seasons 1974, 1975, 1976, 64 matches, 8 goals",Q5,https://snokadb.se/spelare/hans-holmertz,
hans-karlsson,Hans Karlsson,"Swedish association football player, played seasons 1961, 1 matches, 0 goals",Q5,https://snokadb.se/spelare/hans-karlsson,
hans-larsson,Hans Larsson,"Swedish association football player, played seasons 1967 och 7 säsonger, 140 matches, 17 goals",Q5,https://snokadb.se/spelare/hans-larsson,
hans-ottosson,Hans Ottosson,"Swedish association football player, played seasons 1975, 2 matches, 0 goals",Q5,https://snokadb.se/spelare/hans-ottosson,
hans-rosander,Hans Rosander,"Swedish association football player, played seasons 1960 och 5 säsonger, 100 matches, 2 goals",Q5,https://snokadb.se/spelare/hans-rosander,
hans-amansson,Hans Åmansson,"Swedish association football player, played seasons 1974, 1975, 1976, 27 matches, 0 goals",Q5,https://snokadb.se/spelare/hans-amansson,
harald-brask,Harald Brask,"Swedish association football player, played seasons 1940/41, 8 matches, 0 goals",Q5,https://snokadb.se/spelare/harald-brask,
harald-nyman,Harald Nyman,"Swedish association football player, played seasons 1924/25, 1 matches, 0 goals",Q5,https://snokadb.se/spelare/harald-nyman,
haris-laitinen,Haris Laitinen,"Swedish association football player, played seasons 2006, 25 matches, 6 goals",Q5,https://snokadb.se/spelare/haris-laitinen,
harry-bild,Harry Bild,"Swedish association football player, played seasons 1956/57 och 7 säsonger, 175 matches, 120 goals",Q5,https://snokadb.se/spelare/harry-bild,
harry-fyhrberg,Harry Fyhrberg,"Swedish association football player, played seasons 1928/29, 5 matches, 0 goals",Q5,https://snokadb.se/spelare/harry-fyhrberg,
harry-risberg,Harry Risberg,"Swedish association football player, played seasons 1938/39, 1939/40, 2 matches, 0 goals",Q5,https://snokadb.se/spelare/harry-risberg,
harry-stanley,Harry Stanley,"Swedish association football player, played seasons 1924/25, 1925/26, 1926/27, 25 matches, 9 goals",Q5,https://snokadb.se/spelare/harry-stanley,
harry-westerlund,Harry Westerlund,"Swedish association football player, played seasons 1936/37, 1937/38, 14 matches, 0 goals",Q5,https://snokadb.se/spelare/harry-westerlund,
hasan-cetinkaya,Hasan Cetinkaya,"Swedish association football player, played seasons 1995, 1996, 1997, 1998, 45 matches, 4 goals",Q5,https://snokadb.se/spelare/hasan-cetinkaya,
henric-karlsson,Henric Karlsson,"Swedish association football player, played seasons 1997, 1 matches, 0 goals",Q5,https://snokadb.se/spelare/henric-karlsson,
henrik-castegren,Henrik Castegren,"Swedish association football player, played seasons 2016 och 4 säsonger, 80 matches, 3 goals",Q5,https://snokadb.se/spelare/henrik-castegren,
henrik-skarnell,Henrik Skärnell,"Swedish association football player, played seasons 1924/25, 1925/26, 3 matches, 0 goals",Q5,https://snokadb.se/spelare/henrik-skarnell,
henrik-svedberg,Henrik Svedberg,"Swedish association football player, played seasons 2009, 1 matches, 0 goals",Q5,https://snokadb.se/spelare/henrik-svedberg,
henry-kallgren,Henry Källgren,"Swedish association football player, played seasons 1949/50 och 9 säsonger, 181 matches, 126 goals",Q5,https://snokadb.se/spelare/henry-kallgren,
herbert-sandin,Herbert Sandin,"Swedish association football player, played seasons 1950/51 och 7 säsonger, 174 matches, 66 goals",Q5,https://snokadb.se/spelare/herbert-sandin,
holger-nyman,Holger Nyman,"Swedish association football player, played seasons 1947/48 och 10 säsonger, 185 matches, 3 goals",Q5,https://snokadb.se/spelare/holger-nyman,
hakan-forsberg,Håkan Forsberg,"Swedish association football player, played seasons 1969, 3 matches, 0 goals",Q5,https://snokadb.se/spelare/hakan-forsberg,
hakan-larsson,Håkan Larsson,"Swedish association football player, played seasons 1978, 1979, 1980, 1981, 54 matches, 1 goals",Q5,https://snokadb.se/spelare/hakan-larsson,
hakan-lindman,Håkan Lindman,"Swedish association football player, played seasons 1988, 0 matches, 1 goals",Q5,https://snokadb.se/spelare/hakan-lindman,
hakan-lundstrom,Håkan Lundström,"Swedish association football player, played seasons 1979 och 4 säsonger, 110 matches, 1 goals",Q5,https://snokadb.se/spelare/hakan-lundstrom,
hakan-malmqvist,Håkan Malmqvist,"Swedish association football player, played seasons 1975, 2 matches, 0 goals",Q5,https://snokadb.se/spelare/hakan-malmqvist,
hakan-pettersson,Håkan Pettersson,"Swedish association football player, played seasons 1978 och 9 säsonger, 163 matches, 12 goals",Q5,https://snokadb.se/spelare/hakan-pettersson,
hakan-spjuth,Håkan Spjuth,"Swedish association football player, played seasons 1983, 1984, 22 matches, 3 goals",Q5,https://snokadb.se/spelare/hakan-spjuth,
ian-smith,Ian Smith,"Swedish association football player, played seasons 2018, 2019, 37 matches, 2 goals",Q5,https://snokadb.se/spelare/ian-smith,
igor-ponomarjev,Igor Ponomarjev,"Swedish association football player, played seasons 1989, 17 matches, 3 goals",Q5,https://snokadb.se/spelare/igor-ponomarjev,
imad-khalili,Imad Khalili,"Swedish association football player, played seasons 2008 och 5 säsonger, 101 matches, 29 goals",Q5,https://snokadb.se/spelare/imad-khalili,
inge-danielsson,Inge Danielsson,"Swedish association football player, played seasons 1973, 3 matches, 0 goals",Q5,https://snokadb.se/spelare/inge-danielsson,
ingemar-johansson,Ingemar Johansson,"Swedish association football player, played seasons 1947/48, 2 matches, 0 goals",Q5,https://snokadb.se/spelare/ingemar-johansson,
ingemar-knutsson,Ingemar Knutsson,"Swedish association football player, played seasons 1945/46, 1946/47, 1950/51, 10 matches, 0 goals",Q5,https://snokadb.se/spelare/ingemar-knutsson,
isaac-kiese-thelin,Isaac Kiese Thelin,"Swedish association football player, played seasons 2012, 2013, 2014, 48 matches, 6 goals",Q5,https://snokadb.se/spelare/isaac-kiese-thelin,
isak-bergmann-johannesson,Isak Bergmann Jóhannesson,"Swedish association football player, played seasons 2019, 2020, 2021, 44 matches, 5 goals",Q5,https://snokadb.se/spelare/isak-bergmann-johannesson,
isak-pettersson,Isak Pettersson,"Swedish association football player, played seasons 2018, 2019, 2020, 90 matches, 0 goals",Q5,https://snokadb.se/spelare/isak-pettersson,
isak-ssewankambo,Isak Ssewankambo,"Swedish association football player, played seasons 2024, 13 matches, 0 goals",Q5,https://snokadb.se/spelare/isak-ssewankambo,
ismet-lushaku,Ismet Lushaku,"Swedish association football player, played seasons 2024, 2025, 36 matches, 2 goals",Q5,https://snokadb.se/spelare/ismet-lushaku,
issah-mohammed,Issah Mohammed,"Swedish association football player, played seasons 2002, 11 matches, 1 goals",Q5,https://snokadb.se/spelare/issah-mohammed,
ivo-vazgec,Ivo Vazgec,"Swedish association football player, played seasons 2009, 11 matches, 0 goals",Q5,https://snokadb.se/spelare/ivo-vazgec,
jacob-ortmark,Jacob Ortmark,"Swedish association football player, played seasons 2022, 2023, 2024, 49 matches, 6 goals",Q5,https://snokadb.se/spelare/jacob-ortmark,
james-frempong,James Frempong,"Swedish association football player, played seasons 2011, 2012, 2013, 2014, 37 matches, 2 goals",Q5,https://snokadb.se/spelare/james-frempong,
jan-fimpen-eriksson,"Jan ""Fimpen"" Eriksson","Swedish association football player, played seasons 1984, 1985, 20 matches, 1 goals",Q5,https://snokadb.se/spelare/jan-fimpen-eriksson,
jan-connman,Jan Connman,"Swedish association football player, played seasons 1967, 7 matches, 0 goals",Q5,https://snokadb.se/spelare/jan-connman,
jan-eriksson,Jan Eriksson,"Swedish association football player, played seasons 1983, 1991, 1992, 45 matches, 4 goals",Q5,https://snokadb.se/spelare/jan-eriksson,
jan-heden,Jan Hedén,"Swedish association football player, played seasons 1987 och 4 säsonger, 67 matches, 1 goals",Q5,https://snokadb.se/spelare/jan-heden,
jan-hellstrom,Jan Hellström,"Swedish association football player, played seasons 1981 och 11 säsonger, 232 matches, 107 goals",Q5,https://snokadb.se/spelare/jan-hellstrom,
jan-jansson,Jan Jansson,"Swedish association football player, played seasons 1993 och 7 säsonger, 100 matches, 11 goals",Q5,https://snokadb.se/spelare/jan-jansson,
jan-johnsson,Jan Johnsson,"Swedish association football player, played seasons 1976, 1977, 1979, 1980, 19 matches, 1 goals",Q5,https://snokadb.se/spelare/jan-johnsson,
jan-kalen,Jan Kalén,"Swedish association football player, played seasons 1982 och 11 säsonger, 170 matches, 6 goals",Q5,https://snokadb.se/spelare/jan-kalen,
jan-olsson,Jan Olsson,"Swedish association football player, played seasons 1961 och 5 säsonger, 48 matches, 3 goals",Q5,https://snokadb.se/spelare/jan-olsson,
jan-svensson,Jan Svensson,"Swedish association football player, played seasons 1977 och 8 säsonger, 185 matches, 39 goals",Q5,https://snokadb.se/spelare/jan-svensson,
jan-ake-jonsson,Jan-Åke Jonsson,"Swedish association football player, played seasons 1974 och 11 säsonger, 260 matches, 0 goals",Q5,https://snokadb.se/spelare/jan-ake-jonsson,
jani-sarajarvi,Jani Sarajärvi,"Swedish association football player, played seasons 2002, 2003, 30 matches, 0 goals",Q5,https://snokadb.se/spelare/jani-sarajarvi,
janne-hietanen,Janne Hietanen,"Swedish association football player, played seasons 1998, 2 matches, 0 goals",Q5,https://snokadb.se/spelare/janne-hietanen,
jean-carlos-de-brito,Jean Carlos De Brito,"Swedish association football player, played seasons 2022, 8 matches, 0 goals",Q5,https://snokadb.se/spelare/jean-carlos-de-brito,
jens-nilsson,Jens Nilsson,"Swedish association football player, played seasons 1991, 1992, 16 matches, 4 goals",Q5,https://snokadb.se/spelare/jens-nilsson,
jesper-ceesay,Jesper Ceesay,"Swedish association football player, played seasons 2023, 2024, 2025, 52 matches, 1 goals",Q5,https://snokadb.se/spelare/jesper-ceesay,
jesper-lindvall,Jesper Lindvall,"Swedish association football player, played seasons 2025, 2 matches, 0 goals",Q5,https://snokadb.se/spelare/jesper-lindvall,
jesper-tolinsson,Jesper Tolinsson,"Swedish association football player, played seasons 2023, 10 matches, 0 goals",Q5,https://snokadb.se/spelare/jesper-tolinsson,
jevgenij-charlitov,Jevgenij Charlitov,"Swedish association football player, played seasons 1997, 1 matches, 0 goals",Q5,https://snokadb.se/spelare/jevgenij-charlitov,
jevgenij-kuznetsov,Jevgenij Kuznetsov,"Swedish association football player, played seasons 1990, 1991, 1992, 1993, 61 matches, 7 goals",Q5,https://snokadb.se/spelare/jevgenij-kuznetsov,
joachim-acheampong,Joachim Acheampong,"Swedish association football player, played seasons 1994, 1995, 22 matches, 1 goals",Q5,https://snokadb.se/spelare/joachim-acheampong,
joe-spiteri,Joe Spiteri,"Swedish association football player, played seasons 2001, 8 matches, 1 goals",Q5,https://snokadb.se/spelare/joe-spiteri,
joel-enarsson,Joel Enarsson,"Swedish association football player, played seasons 2015, 2016, 15 matches, 0 goals",Q5,https://snokadb.se/spelare/joel-enarsson,
johan-roxstrom,Johan Roxström,"Swedish association football player, played seasons 2003, 7 matches, 0 goals",Q5,https://snokadb.se/spelare/johan-roxstrom,
johan-soderberg,Johan Söderberg,"Swedish association football player, played seasons 2003, 2004, 2005, 15 matches, 0 goals",Q5,https://snokadb.se/spelare/johan-soderberg,
johannes-kristinn-bjarnason,Jóhannes Kristinn Bjarnason,"Swedish association football player, played seasons 2021, 1 matches, 0 goals",Q5,https://snokadb.se/spelare/johannes-kristinn-bjarnason,
johannes-vall,Johannes Vall,"Swedish association football player, played seasons 2017, 2018, 2019, 6 matches, 0 goals",Q5,https://snokadb.se/spelare/johannes-vall,
john-ohlin,John Öhlin,"Swedish association football player, played seasons 1924/25, 1 matches, 0 goals",Q5,https://snokadb.se/spelare/john-ohlin,
johnny-einarsson,Johnny Einarsson,"Swedish association football player, played seasons 1974, 1976, 6 matches, 0 goals",Q5,https://snokadb.se/spelare/johnny-einarsson,
jon-gudni-fjoluson,Jón Guðni Fjóluson,"Swedish association football player, played seasons 2016, 2017, 2018, 59 matches, 3 goals",Q5,https://snokadb.se/spelare/jon-gudni-fjoluson,
jonas-andersson,Jonas Andersson,"Swedish association football player, played seasons 2003, 11 matches, 1 goals",Q5,https://snokadb.se/spelare/jonas-andersson,
jonas-bjurstrom,Jonas Bjurström,"Swedish association football player, played seasons 1998 och 4 säsonger, 76 matches, 5 goals",Q5,https://snokadb.se/spelare/jonas-bjurstrom,
jonas-lind,Jonas Lind,"Swedish association football player, played seasons 1981 och 14 säsonger, 284 matches, 23 goals",Q5,https://snokadb.se/spelare/jonas-lind,
jonas-persson,Jonas Persson,"Swedish association football player, played seasons 1994, 2 matches, 1 goals",Q5,https://snokadb.se/spelare/jonas-persson,
jonas-wallerstedt,Jonas Wallerstedt,"Swedish association football player, played seasons 1995 och 7 säsonger, 133 matches, 31 goals",Q5,https://snokadb.se/spelare/jonas-wallerstedt,
jonatan-gudni-arnarsson,Jónatan Guðni Arnarsson,"Swedish association football player, played seasons 2025, 10 matches, 0 goals",Q5,https://snokadb.se/spelare/jonatan-gudni-arnarsson,
jonathan-levi,Jonathan Levi,"Swedish association football player, played seasons 2020, 2021, 2022, 81 matches, 17 goals",Q5,https://snokadb.se/spelare/jonathan-levi,
jonnie-efraimsson,Jonnie Efraimsson,"Swedish association football player, played seasons 1984, 1985, 39 matches, 8 goals",Q5,https://snokadb.se/spelare/jonnie-efraimsson,
jonny-rodlund,Jonny Rödlund,"Swedish association football player, played seasons 1989 och 4 säsonger, 77 matches, 9 goals",Q5,https://snokadb.se/spelare/jonny-rodlund,
joonas-tamm,Joonas Tamm,"Swedish association football player, played seasons 2011, 2012, 2013, 5 matches, 0 goals",Q5,https://snokadb.se/spelare/joonas-tamm,
jordan-larsson,Jordan Larsson,"Swedish association football player, played seasons 2018, 2019, 41 matches, 12 goals",Q5,https://snokadb.se/spelare/jordan-larsson,
joseph-ceesay,Joseph Ceesay,"Swedish association football player, played seasons 2024, 7 matches, 0 goals",Q5,https://snokadb.se/spelare/joseph-ceesay,
junus-lindberg,Junus Lindberg,"Swedish association football player, played seasons 1936/37, 1937/38, 11 matches, 4 goals",Q5,https://snokadb.se/spelare/junus-lindberg,
karl-holmberg,Karl Holmberg,"Swedish association football player, played seasons 2016, 2017, 2018, 2019, 95 matches, 31 goals",Q5,https://snokadb.se/spelare/karl-holmberg,
karl-johansson,Karl Johansson,"Swedish association football player, played seasons 1938/39 och 5 säsonger, 77 matches, 11 goals",Q5,https://snokadb.se/spelare/karl-johansson,
karl-kronkvist,Karl Kronkvist,"Swedish association football player, played seasons 1954/55, 1956/57, 2 matches, 0 goals",Q5,https://snokadb.se/spelare/karl-kronkvist,
karl-edvin-steen,Karl-Edvin Stéen,"Swedish association football player, played seasons 1946/47 och 8 säsonger, 143 matches, 10 goals",Q5,https://snokadb.se/spelare/karl-edvin-steen,
karl-gustav-widegren,Karl-Gustav Widegren,"Swedish association football player, played seasons 1928/29 och 7 säsonger, 102 matches, 5 goals",Q5,https://snokadb.se/spelare/karl-gustav-widegren,
kasper-larsen,Kasper Larsen,"Swedish association football player, played seasons 2018, 2019, 30 matches, 2 goals",Q5,https://snokadb.se/spelare/kasper-larsen,
keith-pettersson,Keith Pettersson,"Swedish association football player, played seasons 1960, 1961, 19 matches, 8 goals",Q5,https://snokadb.se/spelare/keith-pettersson,
kennet-andersson,Kennet Andersson,"Swedish association football player, played seasons 1993, 13 matches, 8 goals",Q5,https://snokadb.se/spelare/kennet-andersson,
kenneth-aslund,Kenneth Åslund,"Swedish association football player, played seasons 1972, 1973, 1974, 30 matches, 8 goals",Q5,https://snokadb.se/spelare/kenneth-aslund,
kent-hellstrom,Kent Hellström,"Swedish association football player, played seasons 1979, 1981, 1982, 10 matches, 0 goals",Q5,https://snokadb.se/spelare/kent-hellstrom,
kent-lundqvist,Kent Lundqvist,"Swedish association football player, played seasons 1976 och 7 säsonger, 186 matches, 65 goals",Q5,https://snokadb.se/spelare/kent-lundqvist,
kevin-alvarez,Kevin Alvarez,"Swedish association football player, played seasons 2019, 2020, 2021, 6 matches, 0 goals",Q5,https://snokadb.se/spelare/kevin-alvarez,
kevin-amuneke,Kevin Amuneke,"Swedish association football player, played seasons 2008, 27 matches, 6 goals",Q5,https://snokadb.se/spelare/kevin-amuneke,
kevin-hoog-jansson,Kevin Höög Jansson,"Swedish association football player, played seasons 2023, 2024, 2025, 44 matches, 2 goals",Q5,https://snokadb.se/spelare/kevin-hoog-jansson,
kim-suominen,Kim Suominen,"Swedish association football player, played seasons 1996, 1997, 45 matches, 2 goals",Q5,https://snokadb.se/spelare/kim-suominen,
kjell-larsson,Kjell Larsson,"Swedish association football player, played seasons 1983, 1984, 12 matches, 1 goals",Q5,https://snokadb.se/spelare/kjell-larsson,
kleber-saarenpaa,Klebér Saarenpää,"Swedish association football player, played seasons 1997, 1998, 1999, 2000, 88 matches, 4 goals",Q5,https://snokadb.se/spelare/kleber-saarenpaa,
knut-lindau,Knut Lindau,"Swedish association football player, played seasons 1930/31, 16 matches, 0 goals",Q5,https://snokadb.se/spelare/knut-lindau,
knut-nordahl,Knut Nordahl,"Swedish association football player, played seasons 1941/42 och 8 säsonger, 167 matches, 39 goals",Q5,https://snokadb.se/spelare/knut-nordahl,
kojo-peprah-oppong,Kojo Peprah Oppong,"Swedish association football player, played seasons 2023, 2025, 16 matches, 0 goals",Q5,https://snokadb.se/spelare/kojo-peprah-oppong,
krister-norblad,Krister Norblad,"Swedish association football player, played seasons 1968 och 8 säsonger, 112 matches, 16 goals",Q5,https://snokadb.se/spelare/krister-norblad,
kristian-bergstrom,Kristian Bergström,"Swedish association football player, played seasons 1998 och 4 säsonger, 129 matches, 21 goals",Q5,https://snokadb.se/spelare/kristian-bergstrom,
kristoffer-arvhage,Kristoffer Arvhage,"Swedish association football player, played seasons 2006 och 4 säsonger, 125 matches, 2 goals",Q5,https://snokadb.se/spelare/kristoffer-arvhage,
kristoffer-khazeni,Kristoffer Khazeni,"Swedish association football player, played seasons 2021, 2023, 2024, 53 matches, 2 goals",Q5,https://snokadb.se/spelare/kristoffer-khazeni,
kurt-lovgren,Kurt Lövgren,"Swedish association football player, played seasons 1951/52 och 4 säsonger, 24 matches, 2 goals",Q5,https://snokadb.se/spelare/kurt-lovgren,
lambert-ramsten,Lambert Ramsten,"Swedish association football player, played seasons 1928/29 och 5 säsonger, 53 matches, 5 goals",Q5,https://snokadb.se/spelare/lambert-ramsten,
laorent-shabani,Laorent Shabani,"Swedish association football player, played seasons 2022, 2023, 2024, 48 matches, 4 goals",Q5,https://snokadb.se/spelare/laorent-shabani,
lars-appelqvist,Lars Appelqvist,"Swedish association football player, played seasons 1945/46, 1948/49, 2 matches, 1 goals",Q5,https://snokadb.se/spelare/lars-appelqvist,
lars-berglund,Lars Berglund,"Swedish association football player, played seasons 1964 och 6 säsonger, 107 matches, 35 goals",Q5,https://snokadb.se/spelare/lars-berglund,
lars-bergstrom,Lars Bergström,"Swedish association football player, played seasons 1942/43, 1 matches, 0 goals",Q5,https://snokadb.se/spelare/lars-bergstrom,
lars-eriksson,Lars Eriksson,"Swedish association football player, played seasons 1989 och 6 säsonger, 158 matches, 0 goals",Q5,https://snokadb.se/spelare/lars-eriksson,
lars-krogh-gerson,Lars Krogh Gerson,"Swedish association football player, played seasons 2012 och 5 säsonger, 153 matches, 17 goals",Q5,https://snokadb.se/spelare/lars-krogh-gerson,
lars-lindqvist,Lars Lindqvist,"Swedish association football player, played seasons 1936/37, 3 matches, 0 goals",Q5,https://snokadb.se/spelare/lars-lindqvist,
lars-svensson,Lars Svensson,"Swedish association football player, played seasons 1937/38, 1939/40, 5 matches, 0 goals",Q5,https://snokadb.se/spelare/lars-svensson,
lars-erik-bergstrand,Lars-Erik Bergstrand,"Swedish association football player, played seasons 1962, 1963, 1964, 39 matches, 12 goals",Q5,https://snokadb.se/spelare/lars-erik-bergstrand,
lars-erik-wickberg,Lars-Erik Wickberg,"Swedish association football player, played seasons 1937/38 och 6 säsonger, 73 matches, 1 goals",Q5,https://snokadb.se/spelare/lars-erik-wickberg,
lars-erik-winge,Lars-Erik Winge,"Swedish association football player, played seasons 1954/55, 1 matches, 0 goals",Q5,https://snokadb.se/spelare/lars-erik-winge,
lars-ake-berglund,Lars-Åke Berglund,"Swedish association football player, played seasons 1967, 1 matches, 0 goals",Q5,https://snokadb.se/spelare/lars-ake-berglund,
leandre-griffit,Léandre Griffit,"Swedish association football player, played seasons 2007, 2008, 10 matches, 0 goals",Q5,https://snokadb.se/spelare/leandre-griffit,
leif-andersson,Leif Andersson,"Swedish association football player, played seasons 1975 och 10 säsonger, 217 matches, 46 goals",Q5,https://snokadb.se/spelare/leif-andersson,
leif-anglesjo,Leif Anglesjö,"Swedish association football player, played seasons 1978, 1979, 1980, 1981, 44 matches, 6 goals",Q5,https://snokadb.se/spelare/leif-anglesjo,
leif-holmqvist,Leif Holmqvist,"Swedish association football player, played seasons 1963, 1964, 28 matches, 0 goals",Q5,https://snokadb.se/spelare/leif-holmqvist,
lennart-andersson,Lennart Andersson,"Swedish association football player, played seasons 1971 och 4 säsonger, 39 matches, 0 goals",Q5,https://snokadb.se/spelare/lennart-andersson,
lennart-backman,Lennart Backman,"Swedish association football player, played seasons 1956/57, 1957/58, 32 matches, 6 goals",Q5,https://snokadb.se/spelare/lennart-backman,
lennart-carlsson,Lennart Carlsson,"Swedish association football player, played seasons 1969, 1970, 24 matches, 0 goals",Q5,https://snokadb.se/spelare/lennart-carlsson,
lennart-eriksson,Lennart Eriksson,"Swedish association football player, played seasons 1955/56 och 4 säsonger, 44 matches, 12 goals",Q5,https://snokadb.se/spelare/lennart-eriksson,
lennart-fyhrberg,Lennart Fyhrberg,"Swedish association football player, played seasons 1941/42, 1 matches, 0 goals",Q5,https://snokadb.se/spelare/lennart-fyhrberg,
lennart-holmqvist,Lennart Holmqvist,"Swedish association football player, played seasons 1950/51 och 5 säsonger, 81 matches, 35 goals",Q5,https://snokadb.se/spelare/lennart-holmqvist,
lennart-weidenstolpe,Lennart Weidenstolpe,"Swedish association football player, played seasons 1985, 1986, 1987, 1988, 64 matches, 1 goals",Q5,https://snokadb.se/spelare/lennart-weidenstolpe,
lennart-westren,Lennart Westrén,"Swedish association football player, played seasons 1940/41, 4 matches, 1 goals",Q5,https://snokadb.se/spelare/lennart-westren,
lennart-wigren,Lennart Wigren,"Swedish association football player, played seasons 1934/35 och 12 säsonger, 217 matches, 93 goals",Q5,https://snokadb.se/spelare/lennart-wigren,
leo-jonsson,Leo Jonsson,"Swedish association football player, played seasons 2023, 2024, 2 matches, 0 goals",Q5,https://snokadb.se/spelare/leo-jonsson,
linus-hallenius,Linus Hallenius,"Swedish association football player, played seasons 2020, 8 matches, 0 goals",Q5,https://snokadb.se/spelare/linus-hallenius,
linus-hellman,Linus Hellman,"Swedish association football player, played seasons 2006, 1 matches, 0 goals",Q5,https://snokadb.se/spelare/linus-hellman,
linus-wahlqvist,Linus Wahlqvist,"Swedish association football player, played seasons 2014 och 7 säsonger, 192 matches, 11 goals",Q5,https://snokadb.se/spelare/linus-wahlqvist,
lucas-lima,Lucas Lima,"Swedish association football player, played seasons 2021, 2022, 17 matches, 1 goals",Q5,https://snokadb.se/spelare/lucas-lima,
magnus-gustafsson,Magnus Gustafsson,"Swedish association football player, played seasons 1996, 1997, 43 matches, 12 goals",Q5,https://snokadb.se/spelare/magnus-gustafsson,
magnus-jonsson,Magnus Jonsson,"Swedish association football player, played seasons 2006, 27 matches, 0 goals",Q5,https://snokadb.se/spelare/magnus-jonsson,
magnus-karlsson,Magnus Karlsson,"Swedish association football player, played seasons 1987 och 4 säsonger, 78 matches, 5 goals",Q5,https://snokadb.se/spelare/magnus-karlsson,
magnus-samuelsson,Magnus Samuelsson,"Swedish association football player, played seasons 1990 och 10 säsonger, 147 matches, 9 goals",Q5,https://snokadb.se/spelare/magnus-samuelsson,
maic-sema,Maic Sema,"Swedish association football player, played seasons 2019 och 4 säsonger, 77 matches, 5 goals",Q5,https://snokadb.se/spelare/maic-sema,
malcolm-mcpherson,🏴󠁧󠁢󠁳󠁣󠁴󠁿Malcolm McPherson,"Swedish association football player, played seasons 1996, 2 matches, 1 goals",Q5,https://snokadb.se/spelare/malcolm-mcpherson,
malte-palm,Malte Palm,"Swedish association football player, played seasons 1925/26, 15 matches, 3 goals",Q5,https://snokadb.se/spelare/malte-palm,
manasse-kusu,Manasse Kusu,"Swedish association football player, played seasons 2019, 2020, 2021, 12 matches, 0 goals",Q5,https://snokadb.se/spelare/manasse-kusu,
marcin-burkhardt,Marcin Burkhardt,"Swedish association football player, played seasons 2008, 2009, 29 matches, 5 goals",Q5,https://snokadb.se/spelare/marcin-burkhardt,
marco-lund,Marco Lund,"Swedish association football player, played seasons 2021, 2022, 2023, 68 matches, 2 goals",Q5,https://snokadb.se/spelare/marco-lund,
marcus-baggesen,Marcus Baggesen,"Swedish association football player, played seasons 2023, 2024, 2025, 63 matches, 0 goals",Q5,https://snokadb.se/spelare/marcus-baggesen,
marcus-falk-olander,Marcus Falk-Olander,"Swedish association football player, played seasons 2010 och 7 säsonger, 108 matches, 4 goals",Q5,https://snokadb.se/spelare/marcus-falk-olander,
marcus-johansson,Marcus Johansson,"Swedish association football player, played seasons 2010, 2011, 9 matches, 0 goals",Q5,https://snokadb.se/spelare/marcus-johansson,
marcus-sahlman,Marcus Sahlman,"Swedish association football player, played seasons 2014, 8 matches, 0 goals",Q5,https://snokadb.se/spelare/marcus-sahlman,
markus-hansson,Markus Hansson,"Swedish association football player, played seasons 2004, 2005, 46 matches, 1 goals",Q5,https://snokadb.se/spelare/markus-hansson,
markus-tornvall,Markus Törnvall,"Swedish association football player, played seasons 1989, 1990, 20 matches, 0 goals",Q5,https://snokadb.se/spelare/markus-tornvall,
martin-gustafsson,Martin Gustafsson,"Swedish association football player, played seasons 2005, 2006, 4 matches, 0 goals",Q5,https://snokadb.se/spelare/martin-gustafsson,
martin-gustavsson,Martin Gustavsson,"Swedish association football player, played seasons 1928/29, 1929/30, 1930/31, 31 matches, 4 goals",Q5,https://snokadb.se/spelare/martin-gustavsson,
martin-smedberg-dalence,Martin Smedberg-Dalence,"Swedish association football player, played seasons 2011, 2012, 2013, 89 matches, 6 goals",Q5,https://snokadb.se/spelare/martin-smedberg-dalence,
martin-aslund,Martin Åslund,"Swedish association football player, played seasons 1997, 1998, 48 matches, 4 goals",Q5,https://snokadb.se/spelare/martin-aslund,
mathias-floren,Mathias Florén,"Swedish association football player, played seasons 1997 och 7 säsonger, 202 matches, 4 goals",Q5,https://snokadb.se/spelare/mathias-floren,
mathias-gravem,Mathias Gravem,"Swedish association football player, played seasons 1998, 1999, 2000, 2001, 71 matches, 8 goals",Q5,https://snokadb.se/spelare/mathias-gravem,
mats-almgren,Mats Almgren,"Swedish association football player, played seasons 1988, 1989, 1990, 1991, 36 matches, 2 goals",Q5,https://snokadb.se/spelare/mats-almgren,
mats-johansson,Mats Johansson,"Swedish association football player, played seasons 1982 och 5 säsonger, 85 matches, 0 goals",Q5,https://snokadb.se/spelare/mats-johansson,
mats-olofsson,Mats Olofsson,"Swedish association football player, played seasons 1974, 1975, 1976, 27 matches, 1 goals",Q5,https://snokadb.se/spelare/mats-olofsson,
mattias-flodstrom,Mattias Flodström,"Swedish association football player, played seasons 1999, 2000, 2001, 2002, 79 matches, 22 goals",Q5,https://snokadb.se/spelare/mattias-flodstrom,
mattias-ostberg,Mattias Östberg,"Swedish association football player, played seasons 1999, 2000, 2001, 65 matches, 8 goals",Q5,https://snokadb.se/spelare/mattias-ostberg,
max-watson,Max Watson,"Swedish association football player, played seasons 2024, 2025, 58 matches, 2 goals",Q5,https://snokadb.se/spelare/max-watson,
michael-langer,Michael Langer,"Swedish association football player, played seasons 2016, 2017, 28 matches, 0 goals",Q5,https://snokadb.se/spelare/michael-langer,
mika-niskala,Mika Niskala,"Swedish association football player, played seasons 2001, 2 matches, 0 goals",Q5,https://snokadb.se/spelare/mika-niskala,
mikael-blomberg,Mikael Blomberg,"Swedish association football player, played seasons 1994 och 13 säsonger, 281 matches, 18 goals",Q5,https://snokadb.se/spelare/mikael-blomberg,
mikael-cupan,Mikael Cupan,"Swedish association football player, played seasons 2003, 5 matches, 0 goals",Q5,https://snokadb.se/spelare/mikael-cupan,
mikael-eriksson,Mikael Eriksson,"Swedish association football player, played seasons 1985, 1986, 1987, 5 matches, 0 goals",Q5,https://snokadb.se/spelare/mikael-eriksson,
mikael-fyhrberg,Mikael Fyhrberg,"Swedish association football player, played seasons 1985, 2 matches, 0 goals",Q5,https://snokadb.se/spelare/mikael-fyhrberg,
mikael-granskog,Mikael Granskog,"Swedish association football player, played seasons 1981 och 5 säsonger, 82 matches, 0 goals",Q5,https://snokadb.se/spelare/mikael-granskog,
mikael-hansson,Mikael Hansson,"Swedish association football player, played seasons 1990 och 9 säsonger, 187 matches, 16 goals",Q5,https://snokadb.se/spelare/mikael-hansson,
mikael-kalpakidis,Mikael Kalpakidis,"Swedish association football player, played seasons 1988, 1 matches, 0 goals",Q5,https://snokadb.se/spelare/mikael-kalpakidis,
mikael-lindskog,Mikael Lindskog,"Swedish association football player, played seasons 2010, 23 matches, 2 goals",Q5,https://snokadb.se/spelare/mikael-lindskog,
mikael-roth,Mikael Roth,"Swedish association football player, played seasons 2003 och 6 säsonger, 173 matches, 11 goals",Q5,https://snokadb.se/spelare/mikael-roth,
mikael-strom,Mikael Ström,"Swedish association football player, played seasons 1995 och 9 säsonger, 185 matches, 5 goals",Q5,https://snokadb.se/spelare/mikael-strom,
mikael-torin,Mikael Torin,"Swedish association football player, played seasons 2002, 2003, 2004, 2005, 82 matches, 6 goals",Q5,https://snokadb.se/spelare/mikael-torin,
mirza-halvadzic,Mirza Halvadzic,"Swedish association football player, played seasons 2014, 2015, 3 matches, 0 goals",Q5,https://snokadb.se/spelare/mirza-halvadzic,
modou-barrow,Modou Barrow,"Swedish association football player, played seasons 2012, 7 matches, 0 goals",Q5,https://snokadb.se/spelare/modou-barrow,
morten-skjonsberg,Morten Skjønsberg,"Swedish association football player, played seasons 2012, 2013, 2014, 67 matches, 0 goals",Q5,https://snokadb.se/spelare/morten-skjonsberg,
neathan-gibson,Neathan Gibson,"Swedish association football player, played seasons 1997, 12 matches, 3 goals",Q5,https://snokadb.se/spelare/neathan-gibson,
nick-bosevski,Nick Bosevski,"Swedish association football player, played seasons 2002, 2003, 24 matches, 8 goals",Q5,https://snokadb.se/spelare/nick-bosevski,
nicklas-barkroth,Nicklas Bärkroth,"Swedish association football player, played seasons 2015, 2016, 2017, 53 matches, 6 goals",Q5,https://snokadb.se/spelare/nicklas-barkroth,
niclas-eliasson,Niclas Eliasson,"Swedish association football player, played seasons 2016, 2017, 30 matches, 4 goals",Q5,https://snokadb.se/spelare/niclas-eliasson,
niclas-fredriksson,Niclas Fredriksson,"Swedish association football player, played seasons 2002, 2003, 39 matches, 15 goals",Q5,https://snokadb.se/spelare/niclas-fredriksson,
niclas-kindvall,Niclas Kindvall,"Swedish association football player, played seasons 1991, 1992, 1993, 1994, 69 matches, 32 goals",Q5,https://snokadb.se/spelare/niclas-kindvall,
niklas-gunnarsson,Niklas Gunnarsson,"Swedish association football player, played seasons 2023, 11 matches, 0 goals",Q5,https://snokadb.se/spelare/niklas-gunnarsson,
niklas-karlstrom,Niklas Karlström,"Swedish association football player, played seasons 1989, 0 matches, 0 goals",Q5,https://snokadb.se/spelare/niklas-karlstrom,
niklas-westberg,Niklas Westberg,"Swedish association football player, played seasons 2010, 2011, 39 matches, 0 goals",Q5,https://snokadb.se/spelare/niklas-westberg,
nikola-jokisic,Nikola Jokisic,"Swedish association football player, played seasons 1994, 4 matches, 0 goals",Q5,https://snokadb.se/spelare/nikola-jokisic,
nikola-tkalcic,Nikola Tkalcic,"Swedish association football player, played seasons 2011 och 6 säsonger, 106 matches, 8 goals",Q5,https://snokadb.se/spelare/nikola-tkalcic,
nils-andersson,Nils Andersson,"Swedish association football player, played seasons 1928/29, 1929/30, 1930/31, 1931/32, 28 matches, 8 goals",Q5,https://snokadb.se/spelare/nils-andersson,
nils-eriksson,Nils Eriksson,"Swedish association football player, played seasons 1928/29, 1929/30, 1930/31, 12 matches, 5 goals",Q5,https://snokadb.se/spelare/nils-eriksson,
nils-gustafsson,Nils Gustafsson,"Swedish association football player, played seasons 1936/37, 1937/38, 6 matches, 0 goals",Q5,https://snokadb.se/spelare/nils-gustafsson,
nils-lennstrom,Nils Lennström,"Swedish association football player, played seasons 1932/33, 1 matches, 0 goals",Q5,https://snokadb.se/spelare/nils-lennstrom,
nils-liedholm,Nils Liedholm,"Swedish association football player, played seasons 1946/47, 1947/48, 1948/49, 48 matches, 23 goals",Q5,https://snokadb.se/spelare/nils-liedholm,
nils-ljungqvist,Nils Ljungqvist,"Swedish association football player, played seasons 1927/28, 1 matches, 0 goals",Q5,https://snokadb.se/spelare/nils-ljungqvist,
nils-olofsson,Nils Olofsson,"Swedish association football player, played seasons 1948/49, 1949/50, 1950/51, 10 matches, 0 goals",Q5,https://snokadb.se/spelare/nils-olofsson,
nils-persson,Nils Persson,"Swedish association football player, played seasons 1932/33, 1933/34, 34 matches, 15 goals",Q5,https://snokadb.se/spelare/nils-persson,
nils-sandin,Nils Sandin,"Swedish association football player, played seasons 1925/26, 1926/27, 6 matches, 1 goals",Q5,https://snokadb.se/spelare/nils-sandin,
nils-erik-tomell,Nils-Erik Tömell,"Swedish association football player, played seasons 1936/37, 1937/38, 1938/39, 6 matches, 0 goals",Q5,https://snokadb.se/spelare/nils-erik-tomell,
nuredin-bakiu,Nuredin Bakiu,"Swedish association football player, played seasons 2006, 2007, 2008, 2009, 77 matches, 0 goals",Q5,https://snokadb.se/spelare/nuredin-bakiu,
okand-spelare,Okänd Spelare,"Swedish association football player, played seasons 1930/31, 1 matches, 0 goals",Q5,https://snokadb.se/spelare/okand-spelare,
olie-hakansson,Olie Håkansson,"Swedish association football player, played seasons 1952/53, 1955/56, 2 matches, 0 goals",Q5,https://snokadb.se/spelare/olie-hakansson,
oliver-lonn,Oliver Lönn,"Swedish association football player, played seasons 2008, 2009, 3 matches, 0 goals",Q5,https://snokadb.se/spelare/oliver-lonn,
olle-bergstrom,Olle Bergström,"Swedish association football player, played seasons 1955/56, 1959, 1960, 5 matches, 0 goals",Q5,https://snokadb.se/spelare/olle-bergstrom,
olle-carlberg,Olle Carlberg,"Swedish association football player, played seasons 1935/36, 1936/37, 1940/41, 55 matches, 0 goals",Q5,https://snokadb.se/spelare/olle-carlberg,
olle-delborn,Olle Delborn,"Swedish association football player, played seasons 1947/48, 1 matches, 0 goals",Q5,https://snokadb.se/spelare/olle-delborn,
olle-eckerud,Olle Eckerud,"Swedish association football player, played seasons 1933/34, 1934/35, 1935/36, 1936/37, 49 matches, 0 goals",Q5,https://snokadb.se/spelare/olle-eckerud,
olle-hakansson,Olle Håkansson,"Swedish association football player, played seasons 1950/51 och 7 säsonger, 151 matches, 19 goals",Q5,https://snokadb.se/spelare/olle-hakansson,
olle-nordin,Olle Nordin,"Swedish association football player, played seasons 1970 och 4 säsonger, 86 matches, 25 goals",Q5,https://snokadb.se/spelare/olle-nordin,
olle-ringdahl,Olle Ringdahl,"Swedish association football player, played seasons 1927/28, 1 matches, 0 goals",Q5,https://snokadb.se/spelare/olle-ringdahl,
olle-siljeholm,Olle Siljeholm,"Swedish association football player, played seasons 1928/29, 1929/30, 15 matches, 0 goals",Q5,https://snokadb.se/spelare/olle-siljeholm,
olle-stahl,Olle Ståhl,"Swedish association football player, played seasons 1931/32 och 6 säsonger, 112 matches, 6 goals",Q5,https://snokadb.se/spelare/olle-stahl,
olof-carlberg,Olof Carlberg,"Swedish association football player, played seasons 1933/34 och 4 säsonger, 70 matches, 2 goals",Q5,https://snokadb.se/spelare/olof-carlberg,
olof-olsson,Olof Olsson,"Swedish association football player, played seasons 1974, 1 matches, 0 goals",Q5,https://snokadb.se/spelare/olof-olsson,
oscar-bjorkqvist,Oscar Björkqvist,"Swedish association football player, played seasons 1925/26, 8 matches, 1 goals",Q5,https://snokadb.se/spelare/oscar-bjorkqvist,
oscar-holmqvist,Oscar Holmqvist,"Swedish association football player, played seasons 1939/40 och 9 säsonger, 168 matches, 24 goals",Q5,https://snokadb.se/spelare/oscar-holmqvist,
oscar-jansson,Oscar Jansson,"Swedish association football player, played seasons 2021, 2022, 2023, 2024, 102 matches, 0 goals",Q5,https://snokadb.se/spelare/oscar-jansson,
ove-karlsson,Ove Karlsson,"Swedish association football player, played seasons 1974 och 6 säsonger, 111 matches, 9 goals",Q5,https://snokadb.se/spelare/ove-karlsson,
ove-kindvall,Ove Kindvall,"Swedish association football player, played seasons 1962 och 9 säsonger, 178 matches, 100 goals",Q5,https://snokadb.se/spelare/ove-kindvall,
ove-lindholm,Ove Lindholm,"Swedish association football player, played seasons 1965, 6 matches, 1 goals",Q5,https://snokadb.se/spelare/ove-lindholm,
ove-nordqvist,Ove Nordqvist,"Swedish association football player, played seasons 1984, 1985, 1986, 44 matches, 2 goals",Q5,https://snokadb.se/spelare/ove-nordqvist,
ove-stahlback,Ove Ståhlbäck,"Swedish association football player, played seasons 1932/33 och 5 säsonger, 61 matches, 31 goals",Q5,https://snokadb.se/spelare/ove-stahlback,
ove-tharning,Ove Thärning,"Swedish association football player, played seasons 1962, 2 matches, 1 goals",Q5,https://snokadb.se/spelare/ove-tharning,
patric-karlsson,Patric Karlsson,"Swedish association football player, played seasons 1995, 26 matches, 12 goals",Q5,https://snokadb.se/spelare/patric-karlsson,
patrik-andersson,Patrik Andersson,"Swedish association football player, played seasons 1986 och 9 säsonger, 146 matches, 46 goals",Q5,https://snokadb.se/spelare/patrik-andersson,
patrik-jonsson,Patrik Jönsson,"Swedish association football player, played seasons 2000 och 7 säsonger, 119 matches, 3 goals",Q5,https://snokadb.se/spelare/patrik-jonsson,
patrik-kieback,Patrik Kieback,"Swedish association football player, played seasons 2001, 2002, 2003, 69 matches, 2 goals",Q5,https://snokadb.se/spelare/patrik-kieback,
patrik-sandstrom,Patrik Sandström,"Swedish association football player, played seasons 1994, 1995, 1996, 58 matches, 6 goals",Q5,https://snokadb.se/spelare/patrik-sandstrom,
patrik-svensson,Patrik Svensson,"Swedish association football player, played seasons 2005, 2006, 2007, 56 matches, 5 goals",Q5,https://snokadb.se/spelare/patrik-svensson,
pelle-andersson,Pelle Andersson,"Swedish association football player, played seasons 1996 och 5 säsonger, 90 matches, 19 goals",Q5,https://snokadb.se/spelare/pelle-andersson,
per-blohm,Per Blohm,"Swedish association football player, played seasons 1992, 1993, 1994, 1995, 75 matches, 8 goals",Q5,https://snokadb.se/spelare/per-blohm,
per-forsberg,Per Forsberg,"Swedish association football player, played seasons 1927/28, 3 matches, 0 goals",Q5,https://snokadb.se/spelare/per-forsberg,
per-hogmo,Per Högmo,"Swedish association football player, played seasons 1986, 2 matches, 0 goals",Q5,https://snokadb.se/spelare/per-hogmo,
per-lager,Per Lager,"Swedish association football player, played seasons 1986, 1 matches, 0 goals",Q5,https://snokadb.se/spelare/per-lager,
per-nilsson,Per Nilsson,"Swedish association football player, played seasons 1939/40, 1941/42, 1942/43, 10 matches, 0 goals",Q5,https://snokadb.se/spelare/per-nilsson,
per-inge-jansson,Per-Inge Jansson,"Swedish association football player, played seasons 1963 och 4 säsonger, 51 matches, 0 goals",Q5,https://snokadb.se/spelare/per-inge-jansson,
per-olof-eek,Per-Olof Eek,"Swedish association football player, played seasons 1970 och 8 säsonger, 214 matches, 7 goals",Q5,https://snokadb.se/spelare/per-olof-eek,
peter-fyhr,Peter Fyhr,"Swedish association football player, played seasons 1997, 1998, 1999, 43 matches, 10 goals",Q5,https://snokadb.se/spelare/peter-fyhr,
peter-hagstrom,Peter Hagström,"Swedish association football player, played seasons 1968, 2 matches, 0 goals",Q5,https://snokadb.se/spelare/peter-hagstrom,
peter-hansen,Peter Hansen,"Swedish association football player, played seasons 2003, 14 matches, 0 goals",Q5,https://snokadb.se/spelare/peter-hansen,
peter-liljedahl,Peter Liljedahl,"Swedish association football player, played seasons 1974 och 8 säsonger, 155 matches, 0 goals",Q5,https://snokadb.se/spelare/peter-liljedahl,
peter-lonn,Peter Lönn,"Swedish association football player, played seasons 1980 och 9 säsonger, 147 matches, 25 goals",Q5,https://snokadb.se/spelare/peter-lonn,
peter-skoog,Peter Skoog,"Swedish association football player, played seasons 2005, 2006, 3 matches, 0 goals",Q5,https://snokadb.se/spelare/peter-skoog,
petrit-burrniku,Petrit Burrniku,"Swedish association football player, played seasons 2003, 6 matches, 0 goals",Q5,https://snokadb.se/spelare/petrit-burrniku,
petru-racu,Petru Racu,"Swedish association football player, played seasons 2007 och 4 säsonger, 81 matches, 4 goals",Q5,https://snokadb.se/spelare/petru-racu,
pierre-gallo,Pierre Gallo,"Swedish association football player, played seasons 2004, 2005, 2006, 37 matches, 5 goals",Q5,https://snokadb.se/spelare/pierre-gallo,
pontus-almqvist,Pontus Almqvist,"Swedish association football player, played seasons 2017, 2019, 2020, 28 matches, 5 goals",Q5,https://snokadb.se/spelare/pontus-almqvist,
par-olof-olsson,Pär-Olof Olsson,"Swedish association football player, played seasons 1974 och 5 säsonger, 137 matches, 64 goals",Q5,https://snokadb.se/spelare/par-olof-olsson,
ragnar-andersson,Ragnar Andersson,"Swedish association football player, played seasons 1927/28, 1928/29, 1929/30, 55 matches, 14 goals",Q5,https://snokadb.se/spelare/ragnar-andersson,
ragnar-eriksson,Ragnar Eriksson,"Swedish association football player, played seasons 1989, 1990, 31 matches, 4 goals",Q5,https://snokadb.se/spelare/ragnar-eriksson,
ranko-djordjic,Ranko Djordjic,"Swedish association football player, played seasons 1985, 1986, 1987, 1988, 69 matches, 12 goals",Q5,https://snokadb.se/spelare/ranko-djordjic,
rasmus-lauritsen,Rasmus Lauritsen,"Swedish association football player, played seasons 2019, 2020, 48 matches, 11 goals",Q5,https://snokadb.se/spelare/rasmus-lauritsen,
rawez-lawan,Rawez Lawan,"Swedish association football player, played seasons 2013, 2014, 2015, 57 matches, 4 goals",Q5,https://snokadb.se/spelare/rawez-lawan,
renato-braga,Renato Braga,"Swedish association football player, played seasons 2004, 20 matches, 10 goals",Q5,https://snokadb.se/spelare/renato-braga,
richard-spong,Richard Spong,"Swedish association football player, played seasons 2005, 2006, 2007, 2008, 95 matches, 2 goals",Q5,https://snokadb.se/spelare/richard-spong,
rickard-carlsson,Rickard Carlsson,"Swedish association football player, played seasons 1926/27, 1927/28, 25 matches, 6 goals",Q5,https://snokadb.se/spelare/rickard-carlsson,
riki-cakic,Riki Cakic,"Swedish association football player, played seasons 2007 och 4 säsonger, 44 matches, 3 goals",Q5,https://snokadb.se/spelare/riki-cakic,
robert-hillstedt,Robert Hillstedt,"Swedish association football player, played seasons 2003, 2004, 8 matches, 0 goals",Q5,https://snokadb.se/spelare/robert-hillstedt,
robert-steiner,Robert Steiner,"Swedish association football player, played seasons 1995, 1996, 1997, 47 matches, 15 goals",Q5,https://snokadb.se/spelare/robert-steiner,
rodrigo-pontes,Rodrigo Pontes,"Swedish association football player, played seasons 2004, 20 matches, 2 goals",Q5,https://snokadb.se/spelare/rodrigo-pontes,
roger-lonn,Roger Lönn,"Swedish association football player, played seasons 1989, 2 matches, 0 goals",Q5,https://snokadb.se/spelare/roger-lonn,
roland-andersson,Roland Andersson,"Swedish association football player, played seasons 1961, 1964, 1965, 16 matches, 0 goals",Q5,https://snokadb.se/spelare/roland-andersson,
roland-niva,Roland Niva,"Swedish association football player, played seasons 1952/53, 1953/54, 20 matches, 8 goals",Q5,https://snokadb.se/spelare/roland-niva,
roland-pressfeldt,Roland Pressfeldt,"Swedish association football player, played seasons 1964 och 9 säsonger, 175 matches, 2 goals",Q5,https://snokadb.se/spelare/roland-pressfeldt,
roland-svensson,Roland Svensson,"Swedish association football player, played seasons 1972, 1975, 9 matches, 0 goals",Q5,https://snokadb.se/spelare/roland-svensson,
rolf-rosenqvist,Rolf Rosenqvist,"Swedish association football player, played seasons 1956/57 och 4 säsonger, 19 matches, 7 goals",Q5,https://snokadb.se/spelare/rolf-rosenqvist,
roy-bergstrom,Roy Bergström,"Swedish association football player, played seasons 1974, 9 matches, 0 goals",Q5,https://snokadb.se/spelare/roy-bergstrom,
runar-spannare,Runar Spännare,"Swedish association football player, played seasons 1950/51, 3 matches, 1 goals",Q5,https://snokadb.se/spelare/runar-spannare,
rune-lind,Rune Lind,"Swedish association football player, played seasons 1955/56 och 8 säsonger, 147 matches, 3 goals",Q5,https://snokadb.se/spelare/rune-lind,
rune-pettersson,Rune Pettersson,"Swedish association football player, played seasons 1939/40, 1942/43, 7 matches, 2 goals",Q5,https://snokadb.se/spelare/rune-pettersson,
russell-mwafulirwa,Russell Mwafulirwa,"Swedish association football player, played seasons 2008, 2009, 2010, 2011, 57 matches, 18 goals",Q5,https://snokadb.se/spelare/russell-mwafulirwa,
samuel-adegbenro,Samuel Adegbenro,"Swedish association football player, played seasons 2021, 30 matches, 17 goals",Q5,https://snokadb.se/spelare/samuel-adegbenro,
sasa-sjanic,Sasá Sjanic,"Swedish association football player, played seasons 2007, 2008, 6 matches, 0 goals",Q5,https://snokadb.se/spelare/sasa-sjanic,
sead-haksabanovic,Sead Haksabanovic,"Swedish association football player, played seasons 2019, 2020, 2021, 65 matches, 13 goals",Q5,https://snokadb.se/spelare/sead-haksabanovic,
sebastian-andersson,Sebastian Andersson,"Swedish association football player, played seasons 2016, 2017, 51 matches, 20 goals",Q5,https://snokadb.se/spelare/sebastian-andersson,
sebastian-francisco,Sebastian Francisco,"Swedish association football player, played seasons 2009, 1 matches, 0 goals",Q5,https://snokadb.se/spelare/sebastian-francisco,
sebastian-jorgensen,Sebastian Jörgensen,"Swedish association football player, played seasons 2025, 14 matches, 5 goals",Q5,https://snokadb.se/spelare/sebastian-jorgensen,
shpetim-hasani,Shpetim Hasani,"Swedish association football player, played seasons 2010, 2011, 2012, 75 matches, 25 goals",Q5,https://snokadb.se/spelare/shpetim-hasani,
sigge-andersson,Sigge Andersson,"Swedish association football player, played seasons 1929/30, 1930/31, 21 matches, 5 goals",Q5,https://snokadb.se/spelare/sigge-andersson,
sigge-wigren,Sigge Wigren,"Swedish association football player, played seasons 1932/33, 14 matches, 0 goals",Q5,https://snokadb.se/spelare/sigge-wigren,
siim-luts,Siim Luts,"Swedish association football player, played seasons 2013, 13 matches, 0 goals",Q5,https://snokadb.se/spelare/siim-luts,
simon-dogan,Simon Dogan,"Swedish association football player, played seasons 1999, 2000, 7 matches, 0 goals",Q5,https://snokadb.se/spelare/simon-dogan,
simon-omekanda,Simon Omekanda,"Swedish association football player, played seasons 2007, 12 matches, 1 goals",Q5,https://snokadb.se/spelare/simon-omekanda,
simon-skrabb,Simon Skrabb,"Swedish association football player, played seasons 2017, 2018, 2019, 71 matches, 12 goals",Q5,https://snokadb.se/spelare/simon-skrabb,
simon-thern,Simon Thern,"Swedish association football player, played seasons 2018, 2019, 2020, 74 matches, 9 goals",Q5,https://snokadb.se/spelare/simon-thern,
siyabonga-siphika,Siyabonga Siphika,"Swedish association football player, played seasons 2005, 9 matches, 0 goals",Q5,https://snokadb.se/spelare/siyabonga-siphika,
slobodan-marovic,Slobodan Marovic,"Swedish association football player, played seasons 1992, 1993, 1994, 49 matches, 4 goals",Q5,https://snokadb.se/spelare/slobodan-marovic,
stefan-alven,Stefan Alvén,"Swedish association football player, played seasons 2000, 2001, 35 matches, 1 goals",Q5,https://snokadb.se/spelare/stefan-alven,
stefan-broberg,Stefan Broberg,"Swedish association football player, played seasons 1973, 1974, 11 matches, 2 goals",Q5,https://snokadb.se/spelare/stefan-broberg,
stefan-pettersson,Stefan Pettersson,"Swedish association football player, played seasons 1982, 1983, 1984, 43 matches, 24 goals",Q5,https://snokadb.se/spelare/stefan-pettersson,
stefan-thordarson,Stefan Thórdarson,"Swedish association football player, played seasons 2005, 2006, 2007, 2009, 87 matches, 27 goals",Q5,https://snokadb.se/spelare/stefan-thordarson,
stefan-tiborsson,Stefan Tiborsson,"Swedish association football player, played seasons 1988, 7 matches, 0 goals",Q5,https://snokadb.se/spelare/stefan-tiborsson,
sten-westerlund,Sten Westerlund,"Swedish association football player, played seasons 1951/52, 3 matches, 1 goals",Q5,https://snokadb.se/spelare/sten-westerlund,
stig-vadstena-gustafsson,"Stig ""Vadstena"" Gustafsson","Swedish association football player, played seasons 1941/42, 1942/43, 9 matches, 7 goals",Q5,https://snokadb.se/spelare/stig-vadstena-gustafsson,
stig-vammar-gustafsson,"Stig ""Vammar"" Gustafsson","Swedish association football player, played seasons 1955/56 och 5 säsonger, 97 matches, 4 goals",Q5,https://snokadb.se/spelare/stig-vammar-gustafsson,
stig-bornhager,Stig Bornhager,"Swedish association football player, played seasons 1961, 1962, 17 matches, 8 goals",Q5,https://snokadb.se/spelare/stig-bornhager,
stig-falk,Stig Falk,"Swedish association football player, played seasons 1931/32, 4 matches, 1 goals",Q5,https://snokadb.se/spelare/stig-falk,
stig-kullman,Stig Kullman,"Swedish association football player, played seasons 1936/37, 1937/38, 1938/39, 37 matches, 25 goals",Q5,https://snokadb.se/spelare/stig-kullman,
stig-kordel,Stig Kördel,"Swedish association football player, played seasons 1931/32, 1 matches, 0 goals",Q5,https://snokadb.se/spelare/stig-kordel,
stig-palmgren,Stig Palmgren,"Swedish association football player, played seasons 1952/53, 1954/55, 3 matches, 1 goals",Q5,https://snokadb.se/spelare/stig-palmgren,
stig-sundqvist,Stig Sundqvist,"Swedish association football player, played seasons 1948/49, 1949/50, 1950/51, 26 matches, 14 goals",Q5,https://snokadb.se/spelare/stig-sundqvist,
sture-nilsson,Sture Nilsson,"Swedish association football player, played seasons 1924/25, 1925/26, 7 matches, 0 goals",Q5,https://snokadb.se/spelare/sture-nilsson,
sulo-vaattovaara,Sulo Vaattovaara,"Swedish association football player, played seasons 1988 och 9 säsonger, 222 matches, 9 goals",Q5,https://snokadb.se/spelare/sulo-vaattovaara,
svante-larsson,Svante Larsson,"Swedish association football player, played seasons 1976, 1977, 27 matches, 5 goals",Q5,https://snokadb.se/spelare/svante-larsson,
sven-axbom,Sven Axbom,"Swedish association football player, played seasons 1952/53 och 7 säsonger, 167 matches, 9 goals",Q5,https://snokadb.se/spelare/sven-axbom,
sven-b-dahlstrom,Sven B. Dahlström,"Swedish association football player, played seasons 1933/34, 17 matches, 0 goals",Q5,https://snokadb.se/spelare/sven-b-dahlstrom,
sven-bergstrom,Sven Bergström,"Swedish association football player, played seasons 1926/27, 3 matches, 1 goals",Q5,https://snokadb.se/spelare/sven-bergstrom,
sven-dahlstrom,Sven Dahlström,"Swedish association football player, played seasons 1935/36, 6 matches, 0 goals",Q5,https://snokadb.se/spelare/sven-dahlstrom,
sven-persson,Sven Persson,"Swedish association football player, played seasons 1941/42 och 8 säsonger, 147 matches, 66 goals",Q5,https://snokadb.se/spelare/sven-persson,
sven-pettersson,Sven Pettersson,"Swedish association football player, played seasons 1924/25, 1925/26, 5 matches, 0 goals",Q5,https://snokadb.se/spelare/sven-pettersson,
sven-ringborg,Sven Ringborg,"Swedish association football player, played seasons 1924/25, 1 matches, 0 goals",Q5,https://snokadb.se/spelare/sven-ringborg,
sven-stromback,Sven Strömbäck,"Swedish association football player, played seasons 1947/48, 1948/49, 13 matches, 0 goals",Q5,https://snokadb.se/spelare/sven-stromback,
sven-widin,Sven Widin,"Swedish association football player, played seasons 1936/37, 1937/38, 6 matches, 2 goals",Q5,https://snokadb.se/spelare/sven-widin,
sven-ahman,Sven Åhman,"Swedish association football player, played seasons 1936/37 och 5 säsonger, 31 matches, 0 goals",Q5,https://snokadb.se/spelare/sven-ahman,
sven-erik-svensson,Sven-Erik Svensson,"Swedish association football player, played seasons 1974, 1975, 1976, 4 matches, 0 goals",Q5,https://snokadb.se/spelare/sven-erik-svensson,
sven-evert-hesselgren,Sven-Evert Hesselgren,"Swedish association football player, played seasons 1968, 1969, 26 matches, 5 goals",Q5,https://snokadb.se/spelare/sven-evert-hesselgren,
sven-olof-bergman,Sven-Olof Bergman,"Swedish association football player, played seasons 1982, 1983, 40 matches, 3 goals",Q5,https://snokadb.se/spelare/sven-olof-bergman,
sven-ake-wickberg,Sven-Åke Wickberg,"Swedish association football player, played seasons 1939/40 och 4 säsonger, 46 matches, 0 goals",Q5,https://snokadb.se/spelare/sven-ake-wickberg,
solve-flisberg,Sölve Flisberg,"Swedish association football player, played seasons 1924/25, 1925/26, 1926/27, 38 matches, 12 goals",Q5,https://snokadb.se/spelare/solve-flisberg,
soren-andersen,Sören Andersen,"Swedish association football player, played seasons 1995, 10 matches, 4 goals",Q5,https://snokadb.se/spelare/soren-andersen,
soren-andersson,Sören Andersson,"Swedish association football player, played seasons 1967, 3 matches, 1 goals",Q5,https://snokadb.se/spelare/soren-andersson,
soren-nilsson,Sören Nilsson,"Swedish association football player, played seasons 1982 och 4 säsonger, 51 matches, 2 goals",Q5,https://snokadb.se/spelare/soren-nilsson,
tage-ekstrom,Tage Ekström,"Swedish association football player, played seasons 1942/43, 1 matches, 0 goals",Q5,https://snokadb.se/spelare/tage-ekstrom,
tesfaldet-tekie,Tesfaldet Tekie,"Swedish association football player, played seasons 2015, 2016, 32 matches, 0 goals",Q5,https://snokadb.se/spelare/tesfaldet-tekie,
theodore-rask,Theodore Rask,"Swedish association football player, played seasons 2020, 2021, 2022, 11 matches, 0 goals",Q5,https://snokadb.se/spelare/theodore-rask,
thomas-andersson,Thomas Andersson,"Swedish association football player, played seasons 1986, 1988, 5 matches, 0 goals",Q5,https://snokadb.se/spelare/thomas-andersson,
thomas-cratz,Thomas Cratz,"Swedish association football player, played seasons 1969, 1 matches, 0 goals",Q5,https://snokadb.se/spelare/thomas-cratz,
thomas-johansson,Thomas Johansson,"Swedish association football player, played seasons 1997, 1 matches, 0 goals",Q5,https://snokadb.se/spelare/thomas-johansson,
thomas-magnusson,Thomas Magnusson,"Swedish association football player, played seasons 2006, 2007, 2008, 81 matches, 6 goals",Q5,https://snokadb.se/spelare/thomas-magnusson,
thomas-olof-andersson,Thomas Olof Andersson,"Swedish association football player, played seasons 1977, 1978, 1979, 26 matches, 3 goals",Q5,https://snokadb.se/spelare/thomas-olof-andersson,
thomas-olsson,Thomas Olsson,"Swedish association football player, played seasons 1998 och 4 säsonger, 86 matches, 9 goals",Q5,https://snokadb.se/spelare/thomas-olsson,
thor-andre-olsen,Thor-André Olsen,"Swedish association football player, played seasons 1999, 6 matches, 0 goals",Q5,https://snokadb.se/spelare/thor-andre-olsen,
thordur-thordarson,Thordur Thordarson,"Swedish association football player, played seasons 1999, 13 matches, 0 goals",Q5,https://snokadb.se/spelare/thordur-thordarson,
timmy-wilhelmsson,Timmy Wilhelmsson,"Swedish association football player, played seasons 2009, 6 matches, 0 goals",Q5,https://snokadb.se/spelare/timmy-wilhelmsson,
timmy-zetterqvist,Timmy Zetterqvist,"Swedish association football player, played seasons 2004, 2005, 2 matches, 0 goals",Q5,https://snokadb.se/spelare/timmy-zetterqvist,
tobias-rickhammar,Tobias Rickhammar,"Swedish association football player, played seasons 2010, 12 matches, 0 goals",Q5,https://snokadb.se/spelare/tobias-rickhammar,
tom-skarin,Tom Skarin,"Swedish association football player, played seasons 1986, 1987, 1988, 22 matches, 1 goals",Q5,https://snokadb.se/spelare/tom-skarin,
tomas-brolin,Tomas Brolin,"Swedish association football player, played seasons 1990, 9 matches, 7 goals",Q5,https://snokadb.se/spelare/tomas-brolin,
tomas-erixon,Tomas Erixon,"Swedish association football player, played seasons 1978, 1979, 26 matches, 3 goals",Q5,https://snokadb.se/spelare/tomas-erixon,
tomas-fransson,Tomas Fransson,"Swedish association football player, played seasons 1985, 20 matches, 0 goals",Q5,https://snokadb.se/spelare/tomas-fransson,
tomas-gustavsson,Tomas Gustavsson,"Swedish association football player, played seasons 1985, 1986, 27 matches, 0 goals",Q5,https://snokadb.se/spelare/tomas-gustavsson,
tomas-malm,Tomas Malm,"Swedish association football player, played seasons 1972 och 6 säsonger, 116 matches, 2 goals",Q5,https://snokadb.se/spelare/tomas-malm,
tomas-mansson,Tomas Månsson,"Swedish association football player, played seasons 1979, 1980, 1981, 1982, 98 matches, 3 goals",Q5,https://snokadb.se/spelare/tomas-mansson,
tony-martinsson,Tony Martinsson,"Swedish association football player, played seasons 1987, 1988, 1989, 1994, 36 matches, 3 goals",Q5,https://snokadb.se/spelare/tony-martinsson,
tor-arne-fredheim,Tor-Arne Fredheim,"Swedish association football player, played seasons 1984 och 7 säsonger, 120 matches, 15 goals",Q5,https://snokadb.se/spelare/tor-arne-fredheim,
torbjorn-jonsson,Torbjörn Jonsson,"Swedish association football player, played seasons 1953/54 och 12 säsonger, 229 matches, 94 goals",Q5,https://snokadb.se/spelare/torbjorn-jonsson,
tore-ekstrom,Tore Ekström,"Swedish association football player, played seasons 1925/26, 1 matches, 0 goals",Q5,https://snokadb.se/spelare/tore-ekstrom,
tore-gustavsson,Tore Gustavsson,"Swedish association football player, played seasons 1938/39, 1939/40, 8 matches, 3 goals",Q5,https://snokadb.se/spelare/tore-gustavsson,
tore-hjertqvist,Tore Hjertqvist,"Swedish association football player, played seasons 1929/30, 1930/31, 8 matches, 0 goals",Q5,https://snokadb.se/spelare/tore-hjertqvist,
torsten-elvhage,Torsten Elvhage,"Swedish association football player, played seasons 1950/51, 1951/52, 1952/53, 1954/55, 12 matches, 2 goals",Q5,https://snokadb.se/spelare/torsten-elvhage,
torsten-gronqvist,Torsten Grönqvist,"Swedish association football player, played seasons 1949/50, 1 matches, 0 goals",Q5,https://snokadb.se/spelare/torsten-gronqvist,
torsten-johansson,Torsten Johansson,"Swedish association football player, played seasons 1924/25 och 16 säsonger, 309 matches, 99 goals",Q5,https://snokadb.se/spelare/torsten-johansson,
torsten-lindberg,Torsten Lindberg,"Swedish association football player, played seasons 1940/41 och 11 säsonger, 243 matches, 0 goals",Q5,https://snokadb.se/spelare/torsten-lindberg,
ulf-hultberg,Ulf Hultberg,"Swedish association football player, played seasons 1964 och 10 säsonger, 192 matches, 59 goals",Q5,https://snokadb.se/spelare/ulf-hultberg,
ulf-jansson,Ulf Jansson,"Swedish association football player, played seasons 1960 och 12 säsonger, 192 matches, 19 goals",Q5,https://snokadb.se/spelare/ulf-jansson,
ulf-ottosson,Ulf Ottosson,"Swedish association football player, played seasons 1996, 7 matches, 0 goals",Q5,https://snokadb.se/spelare/ulf-ottosson,
valter-landstrom,Valter Landström,"Swedish association football player, played seasons 1924/25 och 7 säsonger, 111 matches, 0 goals",Q5,https://snokadb.se/spelare/valter-landstrom,
victor-blomqvist,Victor Blomqvist,"Swedish association football player, played seasons 1930/31, 1931/32, 20 matches, 0 goals",Q5,https://snokadb.se/spelare/victor-blomqvist,
victor-lind,Victor Lind,"Swedish association football player, played seasons 2023, 29 matches, 6 goals",Q5,https://snokadb.se/spelare/victor-lind,
viktor-adsell-sjoberg,Viktor Adsell-Sjöberg,"Swedish association football player, played seasons 2010, 1 matches, 0 goals",Q5,https://snokadb.se/spelare/viktor-adsell-sjoberg,
viktor-agardius,Viktor Agardius,"Swedish association football player, played seasons 2021, 2022, 37 matches, 2 goals",Q5,https://snokadb.se/spelare/viktor-agardius,
viktor-ronneklev,Viktor Rönneklev,"Swedish association football player, played seasons 2004 och 7 säsonger, 169 matches, 6 goals",Q5,https://snokadb.se/spelare/viktor-ronneklev,
vito-hammershoj-mistrati,Vito Hammershoj-Mistrati,"Swedish association football player, played seasons 2023, 2024, 48 matches, 10 goals",Q5,https://snokadb.se/spelare/vito-hammershoj-mistrati,
william-bergman,William Bergman,"Swedish association football player, played seasons 2025, 1 matches, 0 goals",Q5,https://snokadb.se/spelare/william-bergman,
wyn-belotte,Wyn Belotte,"Swedish association football player, played seasons 2002, 1 matches, 0 goals",Q5,https://snokadb.se/spelare/wyn-belotte,
yahav-gurfinkel,Yahav Gurfinkel,"Swedish association football player, played seasons 2021, 6 matches, 0 goals",Q5,https://snokadb.se/spelare/yahav-gurfinkel,
yahya-kalley,Yahya Kalley,"Swedish association football player, played seasons 2023, 2024, 2025, 69 matches, 0 goals",Q5,https://snokadb.se/spelare/yahya-kalley,
yngve-carlsson,Yngve Carlsson,"Swedish association football player, played seasons 1930/31 och 8 säsonger, 86 matches, 0 goals",Q5,https://snokadb.se/spelare/yngve-carlsson,
ake-brynje,Åke Brynje,"Swedish association football player, played seasons 1939/40, 1 matches, 0 goals",Q5,https://snokadb.se/spelare/ake-brynje,
ake-johansson,Åke Johansson,"Swedish association football player, played seasons 1949/50 och 15 säsonger, 321 matches, 1 goals",Q5,https://snokadb.se/spelare/ake-johansson,
ake-larsson,Åke Larsson,"Swedish association football player, played seasons 1939/40, 1940/41, 8 matches, 0 goals",Q5,https://snokadb.se/spelare/ake-larsson,
ake-skarin,Åke Skarin,"Swedish association football player, played seasons 1939/40, 2 matches, 0 goals",Q5,https://snokadb.se/spelare/ake-skarin,
orjan-martinsson,Örjan Martinsson,"Swedish association football player, played seasons 1959 och 8 säsonger, 173 matches, 52 goals",Q5,https://snokadb.se/spelare/orjan-martinsson,
